#;R_mean;G_mean;B_mean;H°_mean;S%_mean;V%_mean;L_mean;C_mean
1;136;141,8;140,5;174,7;20,3;59,4;57,7;11
2;132;132,4;142,6;183,1;19,2;59,3;55,2;11,8
3;116,5;122;101;96,6;19,8;49,1;49,7;14,1
4;121,5;138;154;181,1;28,2;63,1;56;17,9
5;149,9;103,5;59,9;42,7;59,8;59,2;47,8;35,8
6;165,8;150,2;141;107,3;16,7;65,7;62,9;10,8
7;133,3;102,4;83,2;68,4;42,7;54,7;45,8;23,9
8;119;101,1;89,9;52,6;27,7;47,5;43,6;13,3
9;128,2;95,6;84;97,9;36,3;52,3;43,6;21,8
10;121,6;99,2;100;152,8;34,9;51,8;44;19,9
11;94,9;89,6;86,4;82,2;27,7;37,4;36,4;4,1
12;77,4;64;43;39,5;52,7;30,4;27,5;14,9
13;108,6;60,7;16,7;38,8;86,3;42,8;30,4;37,5
14;126,5;130,1;144,9;250,3;16,6;57,2;53,1;9,5
15;47,2;37,9;8,4;44,9;80,9;18,6;15;15,9
16;105,7;83;85,4;190,6;40,9;43,6;36,8;17,2
17;74,2;51;33;32;61,5;29,1;22,1;17,2
18;109,1;89,9;75,2;56,5;36,3;42,8;38,7;13,7
19;88,5;62,8;35,2;35,6;64,2;34,7;27,6;21,3
20;92,3;72,9;53,1;44;54,8;36,2;31,2;15,6
21;84,2;62,5;39,3;72,3;46,1;33,2;26,8;18,3
22;104,2;60,4;32,7;37,7;66,4;40,9;29,4;29,9
23;82,6;78,8;71,5;81,9;21,1;33,1;32,6;6,8
24;114,5;77,7;37,4;51,5;69,9;45,3;35,5;30,7
25;107,5;100,8;89,9;81;28,7;44;42,1;11,3
26;135,7;78,7;21,6;28,2;87,9;53,2;38,2;44,1
27;147,7;144,6;141,3;103,1;7,9;58,7;59,3;4,3
28;60,9;41;18,6;27,9;80,5;23,9;17,6;17
29;124,9;92,6;36,5;39,4;77,6;49;40,1;35,7
30;134,3;79,9;40;27,3;72,5;52,7;39;37,1
31;136,4;90,5;18,3;35,2;84,8;53,5;41,7;45,3
32;107,8;64,8;19,8;35,5;85;42,5;30,8;35,6
33;100,5;50,7;25,6;47;72,5;39,5;26,6;31,5
34;122,1;69,6;27,7;30,1;75,3;47,9;33,7;36,2
35;137,7;82,9;32,2;27,6;78,4;54;39,6;41
36;96,7;41,5;8,7;26,1;88,7;38;23,8;37,2
37;106,8;48,6;9,2;33,1;93,9;41,9;26,9;38,7
38;94,3;54;24,7;25,2;70,5;37;26;29
39;129,4;77,4;20,9;28,7;83,8;50,8;37;41,5
40;119,3;70,3;32,9;26,2;72,8;46,8;34;34,4
41;105;57,4;8,6;32;92,4;41,2;28,5;37,4
42;91,7;79,4;61,6;129,1;52,6;41,8;33,9;24,6
43;40,1;17,8;8,6;50,6;87,5;15,7;8,9;12,6
44;75,5;54,2;33,2;61,2;62,5;30,3;23,6;18,1
45;131,7;93,3;62,8;26,9;56,1;51,6;42,6;26,7
46;114,6;76,4;10,8;33,5;91,3;44,9;34,5;40,1
47;113,9;98,8;75,9;50,1;52,8;47,7;41,7;20,1
48;116,6;45,7;11,4;18,3;93,4;45,7;27,8;42,8
49;137,4;85,9;27,9;27,5;84,5;53,9;40;42,2
50;157,7;76,1;8,6;23,3;95,2;61,8;41,2;57,2
51;91,2;86,9;74,7;73;25,1;36,8;36;9,6
52;78,6;51,6;22,9;31,7;76,2;31;23,1;23
53;78,8;54,1;4,8;33,9;94,3;30,9;23,3;28,6
54;137;79,3;26,9;26,6;83,9;53,7;38,9;44,2
55;116,3;126,8;133,5;136,3;23,6;55,8;51,7;11,5
56;144,2;77,6;39,1;20,8;79,1;56,6;39,3;41,3
57;69,3;50,3;32,6;29,4;66,1;27,2;21;14,6
58;55,6;37;20,9;40;59,8;22;16;14,8
59;115,1;72,9;32,1;38,3;77,1;45,5;34;34
60;92,8;69,7;35,1;109,1;63,2;36,5;29,8;24,5
61;103,4;64,6;25,9;55,2;76,8;40,6;29,8;31,9
62;96,9;63,1;28,2;32,1;76,8;38;28,7;27,7
63;83,5;53,1;7,2;30;93,4;32,8;23,9;28,8
64;112,6;77;48,6;26,9;60,5;44,2;35,1;25,5
65;47,2;34,9;11,1;35,9;79,7;18,5;13,9;14,4
66;87,4;47;35,8;47,5;68,8;34,8;23,9;24,3
67;100,6;55,4;31,3;47,5;65,4;39,5;27,8;28,8
68;99,1;82,1;39,9;45;70,9;39;34,7;26,7
69;72,1;37,4;14,7;23,8;82,1;28,3;18,7;24,4
70;127,2;80,1;31,1;30,5;82,8;49,9;37,5;37,5
71;140,4;83;32,9;28;78,2;55,1;40,2;41,7
72;182,8;137,3;23,6;41,5;90;71,8;59,1;61,2
73;136,2;61,4;16,8;21,1;89,9;53,4;34,3;47,1
74;118,8;92,3;64,7;52,2;53,4;47,3;40,4;23,6
75;114,2;82,3;44,7;38,3;66,7;45,3;36,4;28,5
76;122,2;79,2;38,5;32,8;70,8;48;36,7;34,1
77;86,4;103,1;77,7;104,5;52,2;42,2;40,1;18,7
78;83,6;51;20,8;32,5;83,9;32,8;23,7;24,6
79;106,3;77,6;52,6;29,4;61,7;41,7;34,2;22,1
80;184,3;90,8;12;26,3;94,4;72,3;48,7;64,1
81;139,8;82,4;28,5;28,7;81,3;54,9;39,6;42,4
82;99,9;88,4;82,5;111,3;26,3;40,6;37,9;10,3
83;47;33,3;23,9;100,1;40,5;18,6;14,1;9,5
84;145,1;76,7;10,2;28,2;93;56,9;39,7;52,1
85;87,9;52,9;21,3;44,4;71,1;34,6;24,7;26,6
86;55,6;36,3;22,4;32;69,9;21,9;15,9;13,6
87;119,7;79,8;53,8;93,1;61,3;47,3;36,7;29
88;132,4;84,2;45,9;41,9;66;52;39,9;35,2
89;114,7;86,5;64,8;26,2;50,5;45;38,1;19,1
90;90,5;73,3;34,5;43,1;72,6;35,5;30,6;24,1
91;127,2;71,7;42;28,4;70,6;49,9;36;34,6
92;80;55,1;23,8;29,4;76,4;31,4;24,4;22,9
93;77,2;44,5;20,8;23,9;78,3;30,3;20,9;22,5
94;138,9;85,8;67,7;15,2;55,4;54,5;41,1;28
95;146,7;92,5;28,3;30,4;85,1;57,5;43,4;46,3
96;122,3;89,9;44,7;32,2;76;48;38,5;31,6
97;125,3;86,1;39,5;36;70,2;49,4;38,6;34,4
98;107,2;94,9;47,3;67,3;49,5;43,5;39,2;28
99;130,1;108,9;90,2;44,4;43,7;51,5;45,4;16,5
100;136,6;71,7;36,5;46,8;82,4;53,6;36,9;40
101;106,3;67,3;24,9;58;79,8;41,9;31,6;33
102;144,3;135,4;126,9;69,1;13,9;56,9;56,4;7,2
103;108,5;82,9;28;41,8;67,4;42,6;35,2;32,4
104;110,6;63,2;32,6;23,4;76,3;43,4;31,1;32,8
105;66;31;13,8;21,5;87,6;25,9;16,4;20,9
106;131,3;83,4;39,4;62,5;69,4;51,6;39,2;37,4
107;134;77,4;35,6;31,9;77,5;52,5;37,8;38,5
108;146,6;85,1;38,8;24,2;74,8;57,5;41,8;42,7
109;153,3;87,9;3,2;29,6;94,3;60,1;42,8;53,8
110;116;114,6;102,8;102,7;17,8;47;47,5;9,2
111;144;60;20,7;34,1;87,5;56,8;36,2;52
112;136,2;82,6;33,5;30,5;77,5;53,4;39,3;39,8
113;113,5;75,5;21,3;43;78,5;44,6;34,4;36,8
114;98,6;62,8;39,9;73,7;58,8;38,9;29,4;25,7
115;86,9;60,4;10,5;37,5;84,8;34,1;26,5;30,4
116;112;112,3;105,3;99,2;16;45,9;46,4;7,1
117;110,9;113;97;90;23,5;46,4;46,1;11,9
118;158,4;119,3;77,9;62,2;57,2;62,1;51,6;34,3
119;161,1;158;139,2;54,6;15,4;63,4;64,6;10,8
120;170,9;104,6;53,2;26,1;68,7;67;49,9;45,4
121;83,8;50,7;22,9;79,4;66,8;33;23,4;24,5
122;113,7;113;106,8;89,2;12,1;45,5;46,4;5,1
123;46,7;26,5;16,4;86,6;72,2;18,4;11,9;12,5
124;107,2;103,8;102,7;132,6;17,2;44,4;43,7;7
125;141,5;83,5;55,7;23,9;69;55,5;40,7;34,2
126;133,3;130;128,9;154,7;9,9;53,7;53,8;5,4
127;165,6;98,1;59;24,1;69;65;47,9;41,8
128;127,3;75;31,3;96,3;70,9;49,9;35,8;36,8
129;160,5;100,5;65;26,8;61;63;49;39,1
130;80,7;53,1;17,8;30,5;51,2;31,6;23,7;24,1
131;146,1;102,5;35,2;36,6;78,6;57,3;45,3;42,4
132;132,5;75,4;11,5;29,4;92,9;52;37,1;46,9
133;102,2;67,5;29,3;57,4;78,2;40,2;30,6;28,8
134;95;58,2;9,2;30,9;92,7;37,3;26,9;32,9
135;97,1;72,1;50,1;30,5;47,5;38,1;32;18,6
136;108,8;79,9;21,2;42,9;75,8;42,9;34,3;34,8
137;147,1;79,1;43,1;24,7;73,9;57,7;40,9;43,3
138;161,2;87,5;77,5;115,9;54,2;63,4;46,1;37,7
139;112,8;98,8;85,2;105,2;28,5;45,6;41,9;14,4
140;109,5;115,7;98,4;121,3;23,3;46,8;46,6;13,9
141;132,5;130,7;127,5;111,4;13,5;54,4;53,8;6,8
142;136;70,6;31,5;19,8;79,8;53,3;36,3;41,6
143;115,8;108,9;93,3;56,9;24,7;45,9;45;10,7
144;148,2;99,1;43,5;33,6;76,5;58,2;45,1;42,1
145;43,8;30,2;9,1;50,9;75,2;17,5;12,7;14,6
146;130,9;123,6;117,3;98,4;27,8;54,1;51,3;10,7
147;112,3;115,8;124,8;191,5;25,4;51,9;47,2;11,3
148;114,1;93,5;73,7;37,4;39,6;44,9;40,5;16,7
149;150,4;140,1;134;113,2;15,1;60,4;58,6;9
150;130,9;123,6;117,3;98,4;27,8;54,1;51,3;10,7
151;124,8;126,3;119,2;66,8;26,5;50,6;49,9;6,5
152;127,6;119,1;106,5;63,1;17,9;50,5;49,1;9,1
153;126;135,4;123,7;138,4;25,7;55,2;54,1;13,5
154;91,7;95;93,2;146,6;27;39,6;38,2;7,9
155;119,7;111,9;113,6;173,4;21,5;49,1;46,8;7,8
156;176,5;169,6;158,7;89,3;13,8;70,3;69,5;9,2
157;136,6;124,8;111,7;69;31,7;55,9;52;14,8
158;134,3;117,9;102,7;38,8;26,3;52,8;50,1;12,3
159;109,1;104,6;97,7;76,7;27,4;44,8;43,1;8,6
160;70;66,8;56,6;80;44,9;30,3;27,4;11,1
161;109,4;102,2;96;68,5;20,7;43,1;42,7;6,1
162;130,3;116;94,9;55,6;38,3;51,8;48,5;15,5
163;109,5;109,5;95,1;78,4;24,9;45;44,5;10,5
164;143,3;120,5;110,7;93,8;30,2;56,4;51,7;13,5
165;90,9;103,8;109;112,1;30,1;47,1;41,8;13,5
166;138,3;135,4;124,7;117;27,8;59,2;56,2;19,3
167;86,9;73,3;66,6;83;46,1;37,9;31,4;16,9
168;111,2;94,3;81,2;62,1;31,4;44;40,6;12,9
169;95,6;102,2;110;167,1;37,7;45,7;41,4;10,3
170;108,6;112,2;114;142,8;11,8;45,5;46;3,4
171;116,4;156,2;128,3;126,4;32,2;61,5;60,4;23
172;113,7;125,9;64;68,8;56,3;52,2;50;36,4
173;91,3;144;94;114;48,8;57,2;54,7;36,4
174;142,6;122,9;113,6;111,4;24,2;55,9;52,4;11,7
175;100,2;170,5;108,7;122,8;45,5;66,9;63,7;43,2
176;93;112,9;48;85,5;56,8;44,3;44;37,2
177;104,8;136,2;119,9;116,5;42,9;56,7;53,9;22,4
178;99,3;91,3;64,7;82,5;33,7;39,9;37,5;17,3
179;112,8;108;89,6;82,3;23,6;45,5;44,8;12,6
180;85,7;144,6;116;138;43,3;56,7;54,7;27,6
181;153,3;150,8;140,9;49,6;24,7;65,7;62,8;12,5
182;89,7;110,1;59,4;85,6;50,6;43,7;43,3;31,7
183;113,2;106,6;84,6;54,4;33,8;44,6;43,8;14
184;107,2;134,3;121,7;135,3;33,8;54,2;52,9;16,9
185;91,2;116,8;76,5;98,1;36,2;46,7;45,9;27
186;50,4;100,3;116;191,1;58,9;48,4;39,6;23,6
187;48;55,9;41,3;84,4;32,7;22,7;21,5;10,5
188;70,7;129,2;108,6;154,9;45,2;50,7;49;24,5
189;81,1;145,3;143,2;164,9;46;58,4;55,9;22,1
190;66,3;111,6;74,1;128,3;49,7;43,8;42,8;29,5
191;134,5;114,4;103;99,4;27,4;53;48,8;13,5
192;126,5;148,4;102,7;92;34,5;59;58,5;28,3
193;99,9;92,8;74,4;77,7;23,1;39,9;38,3;12,3
194;111,8;115,3;118,7;117,8;28,9;52,7;48,3;13,3
195;115;122,1;123;136;22,5;52,1;50,2;10,4
196;138,6;135,8;131,4;111,4;17,3;56,5;56;7,3
197;126,1;125,7;127;169,7;7,2;50,4;52,1;1,9
198;121,2;140,9;160,2;209,1;28,1;62,8;56,7;12,9
199;115,4;117,8;122,3;163,7;20,7;50,8;48,5;8,1
200;135,4;143,1;148,8;182,6;13,3;59,5;58,2;7
201;100,3;113,3;93,7;106,8;39,4;48,3;45,4;20,9
202;135,5;133,9;135,1;149,2;8,4;54,5;55;3
203;121,4;141,2;161,8;182,4;31,8;65,3;57,6;16,6
204;115,6;118,9;124,7;176,3;20,1;51,5;48,5;9,3
205;117,7;125,3;137,5;217;14,9;53,9;51,2;7,5
206;131,7;132,2;130;138,5;13,8;54,1;54,1;6
207;87,7;105,2;110,9;156,8;36,6;46,2;42,1;12,3
208;117;126,4;134,2;131,1;34,4;60,1;52,1;20,4
209;127,7;131,5;133,4;105,5;17,1;56,1;53,7;9,4
210;90,5;107,5;126,5;148,2;44,2;55;44,4;22,4
211;134,2;148,6;163,7;157,5;18,9;65;60;11,3
212;106,3;83,8;46,6;135,2;55,5;42,5;35,3;27,9
213;50,7;85,8;112,4;197,8;54,1;45;34,1;21,3
214;96,4;116,9;122,6;135,7;35;52,7;47,5;17
215;82,9;114,9;152,3;203,7;48,9;60,1;46,7;24,4
216;113,5;111,4;111,3;149,2;28,6;49,7;45,6;11,7
217;35,7;50,1;70,9;199,1;52;28,3;20,3;15,3
218;115,8;105,5;88,5;104,2;35,5;47,4;43,9;15,6
219;127,4;128,1;130,9;153,7;17,8;53,8;51,9;7
220;105,6;105,5;98,3;101,4;25,6;42,3;42,8;5,5
221;102,7;120,2;145,8;164,2;37,1;60,7;49,9;22,8
222;91,8;119,9;148,7;201;37,9;58,8;49;19,6
223;120,9;117,1;114,3;110,5;21,6;50,6;48,2;8,8
224;71,9;102,6;132,7;198,2;41;52,3;41,3;20,7
225;116,3;116;99,9;108;34,9;49,6;47;15,7
226;84,7;114,4;146,2;183,5;42,9;59,3;46,9;24,6
227;118,8;126,6;130,6;145,3;23,2;55,1;52;12,1
228;94,1;81,1;65,5;57,1;34,5;37,6;34;13,3
229;111,3;105,6;85;70,6;24,5;44,1;44;13,1
230;60,6;78,3;82,7;173,6;35,5;33,4;31,2;8,9
231;145,9;147,3;133,5;135;29,9;62,9;60;17,8
232;107,4;119,2;131,9;100,5;37,7;57,5;49,1;19,2
233;106,2;125,5;146;195,2;33,3;58,7;51;17,1
234;89,4;92,2;91,9;133,1;18,8;38,4;36,7;6,2
235;138,6;140,3;144;192,6;7,8;57,1;57,5;3,8
236;111,6;120,9;111,5;156,4;19,5;49;49;11
237;123,8;147,4;164,3;183,9;32,1;66,7;58,9;17,6
238;111,2;137,1;160,1;177,8;34,2;64,3;55,5;19
239;126,1;148,8;165;169,1;31,5;67,1;59,7;16,7
240;92,4;111,9;125;176,8;30,2;50,1;44,5;12,9
241;113;138,7;159,3;170,8;33,6;64,8;56,1;18,3
242;101,7;101,7;101,8;57,8;1,2;40;41,4;0,4
243;136,1;150;158,8;190,2;21,7;62,8;59,7;9
244;97,5;107,4;118,1;137,9;25,2;49,6;44,4;12,8
245;134,8;140,9;146,2;159,2;20,3;61,1;58,1;11
246;111,7;96,9;82,7;55,6;36,1;45,4;41,3;14,3
247;110,9;119,1;127,2;154,7;27,7;53,4;48,9;11,9
248;100,8;143,1;177,4;198,6;41,4;69,7;57,7;23,5
249;97,5;90,4;79,9;94,3;27,5;40,2;37,9;10,9
250;76,7;79,8;91,2;167,8;34,5;39,9;32,6;14,4
251;144,2;141;136,8;111,2;23,2;61,1;58;11,6
252;99,5;117,3;140,2;187,7;32,6;56,8;48,4;19,6
253;145,5;149,3;155,2;164,9;17,4;64,2;60,7;9,6
254;118,6;134,2;143,2;159,5;28,8;59,4;54,2;13,9
255;98,3;116,9;133,6;206,8;33,8;52,4;46,9;12
256;142,6;100,7;23,4;38,3;85,4;56,2;44,7;47,5
257;99,7;102,9;84,5;88,9;28,8;42,5;41,8;14,4
258;86,6;99,1;100,2;151,1;19,9;40,9;40,1;7,9
259;112,9;126;117,3;136,9;15;49,6;50,9;8,6
260;135,8;169;142,9;129,3;25;66,4;66;20,9
261;84,8;91,4;92,6;162,6;14,9;37,7;37,5;5,7
262;87,6;98,5;103,8;148,2;30,9;43,4;39,4;11,2
263;166,3;165,8;166,5;125,2;8,9;67,4;66,8;4,3
264;77,9;97;92,6;145;45,6;42,3;39,3;15,4
265;143,8;151,6;151;165,6;10,3;60,1;60,9;4,1
266;139,4;156,6;171,7;144,8;28,2;67,9;62,7;11,9
267;119,1;139,1;129,7;142,5;17,7;55;55,7;11,1
268;110,2;142,9;172;192;35,2;68,3;57,8;21,2
269;150,4;152,1;156,2;195,3;7;61,7;62,3;3,8
270;94,1;130,5;165;201,6;43,2;65,1;53;23,7
271;125,9;134,6;135,1;165,1;13,9;54,8;54,8;6,9
272;104,3;142,2;163,2;200;36,8;64,1;56,5;17,4
273;29,5;34;35,6;162,9;32,6;15;13;4,2
274;136,5;134,2;134,5;126,3;15,1;57,5;55,8;8,5
275;123,9;122,9;125,9;192,6;9,3;50,2;50,1;3,8
276;127,1;132;142;202,1;14,3;56,4;54,5;7,4
277;115,3;122,5;124,7;162,8;18,1;51,4;50;8,8
278;41,8;55,7;45,7;117,8;38,8;22,2;21,1;10,4
279;146;144,8;133,5;59,4;9,8;57,6;59,7;6,6
280;95,1;122,4;150,5;202,2;42,4;59,6;49,6;20
281;163;162,9;160,6;89,4;3,2;64,5;66,8;2,3
282;130,8;124,4;106,8;99,5;23,6;53,4;51,7;14,1
283;135;131,7;123;90,4;19,6;55;54,2;9,7
284;95,3;134,4;165,3;206,5;43,1;64,9;53,8;21,3
285;110;115,9;124,6;195;18,6;49,3;47,1;6,7
286;93,3;112,3;114;176,7;21,2;45,3;45,4;8,1
287;29;21,2;19,6;192,1;42,3;12,6;8,6;7
288;133,9;145;163,5;218,8;20,7;64,1;58,5;11,3
289;90,7;106,7;120,7;152,4;43,9;53,5;44,2;22,1
290;107,2;106,1;107,6;152,4;14,5;44,2;43,5;4,4
291;80,1;78,4;80,5;172,9;16,4;33,5;32,5;4,7
292;95,1;112,4;134,9;184,3;34,8;54,2;46,3;16,6
293;110,6;117,1;118,7;171;10,3;47,2;47,6;4,1
294;139;138,5;133,2;68,3;11;55,5;56;4,9
295;108,5;115,1;110,6;120,4;25,7;49,2;47,2;12,1
296;42,8;50,8;70,7;206,4;57,8;29,6;21;16,7
297;106,3;106,3;108,6;124,1;18,9;45,8;43,7;7
298;143;113,2;86,7;74,3;44,7;57,3;49,5;24,6
299;79,3;138,7;182,7;206,3;56,5;72;55,4;30,7
300;102,6;100,5;98,3;102;12,2;41,9;41,6;5,2
301;100;101,6;104;153,4;12,5;41,8;41,5;3,8
302;106,2;123,4;154,4;216,7;32,9;60,6;50,7;18,9
303;99,1;106,8;117,8;194,2;31,3;48,3;43,8;12,8
304;131,2;144;147,3;165,7;15,2;58,6;58,4;6,9
305;100;110,3;108,2;125,8;22,3;46,4;44,7;10,9
306;149,5;150,6;150,6;119,2;7,7;60,8;61,8;3,4
307;113,7;121;130,1;178,2;22,1;53,7;49,8;10,5
308;74,5;87;104,7;215,3;40;41,1;35,2;12,5
309;142,4;144,5;147,2;152,3;12,4;58,6;58,3;3,7
310;112,3;108,6;98,6;131,9;39,1;47,5;44,8;13,9
311;98,7;102,3;85,5;133,8;22,6;41,9;41,4;13,8
312;166;164,2;148,5;78,3;15,6;65,7;66,7;9,6
313;146,8;151,3;156,9;177;9,2;62,2;61,3;5,2
314;115,5;140,4;162;194,6;30,2;64,2;56,9;16,4
315;101,6;121,6;131,1;170,5;31,7;53,3;48,7;13,4
316;97,7;124,6;151,5;173,3;41,4;62,3;51;24,4
317;115,2;136,6;158,3;184,3;32,8;63,7;55,5;17,2
318;116,8;126,6;145,7;218,3;23,9;57,2;51,6;12,1
319;115,2;112,8;110,9;125,1;18,7;47,5;46,2;6,7
320;155,8;158,4;166,5;235;8,7;65,4;64,5;5
321;111,6;126,9;145,6;196;26,8;57,9;51,8;13,5
322;62,5;75,2;88,9;176,6;47,6;36,5;30,4;12,1
323;139,9;150,5;158;202,2;11,4;62;61,3;5,8
324;123,2;127,3;127,6;120,2;18,8;54,6;52,6;10,1
325;94,2;92,6;86,3;96,1;28,8;38,5;37,3;7,2
326;112,5;129,7;146,9;209;24,4;57,8;52,2;11,9
327;115,7;126,3;132,1;143,9;26,9;56,6;51,8;14,5
328;77,9;93,6;106,9;185,6;40,5;42,3;37,7;10,9
329;82,8;106,1;136,8;212,6;39,2;53,7;43,4;19,4
330;98,4;99,6;100,1;130,4;13,8;40,9;40,9;4,1
331;140,2;152,5;149,2;159,9;11,6;60,2;60,8;6,1
332;94,8;90,1;106,9;248,5;22,2;42,5;38,3;11,6
333;109,8;101,3;86;62,1;32,7;44,5;41,7;13,1
334;140,8;152;168,6;205,5;20,8;67;62;11,6
335;117,6;114;109,9;112;17,8;48,6;46,7;7,9
336;100;78;60,7;65,4;53,4;41,3;34,6;20,6
337;131,6;126,2;117,1;124,2;24,5;53,3;51,6;9,7
338;144,1;142,9;148,2;114,3;14,9;61,8;59,2;8,7
339;119,1;104,2;100,1;100,5;47;53,2;44,8;20,4
340;131,4;126,3;125,2;148,1;16,5;53,4;51,9;6,6
341;69;74,7;80,5;148,3;28,5;33;30,1;7,2
342;120,5;114,9;95,6;88,6;35,1;49,2;47,9;16,3
343;135,7;139,8;147,1;199,7;11,9;58,9;57,9;6,6
344;135;142,5;148,3;174,4;12,9;59,1;57,8;6,2
345;115,3;119,5;125,7;116,7;38,1;57,9;49,6;20
346;132,3;149,4;156,3;189,8;17,5;61,6;59,6;8,2
347;106,1;111,4;118,2;149,4;28,7;49,7;45,8;11,8
348;135,1;131,6;127;158;14,3;54,1;54,1;7
349;116,9;122;128,2;179,3;13,9;51,1;49,9;6,2
350;107,7;114,9;117,6;148,1;24,6;48,5;46,5;8,6
351;155,4;164,8;165,7;176,9;8,1;65,5;66,6;4,2
352;101,9;122,1;119,5;153,4;26,6;51,9;48,9;15,8
353;117,9;124,5;109;104,3;21,9;49,4;50,1;11
354;113,6;119,9;135,5;151,9;25,8;57;49,8;15,7
355;147,9;145,9;148,9;279,3;2,5;58,4;60;1,9
356;89,4;115,8;156,2;216,9;45,5;61,3;47,5;24,9
357;129,2;125,5;105,5;58,1;36,9;51,7;50,4;12,7
358;81,5;82,2;81,4;131,3;21,3;36,7;33,6;9,4
359;57,6;72,3;52,7;121;47,5;29,1;28,5;15,5
360;143,2;148,6;150,3;176,8;12,8;61,1;60,2;6,9
361;154,2;159,1;163,5;166,9;12,8;66,5;64,8;7,3
362;132,5;147,8;155;184,7;19,9;62,1;59,9;9,5
363;86,2;103,2;110,7;163,6;34,1;45,6;40,7;12,9
364;126,8;130,6;140,1;223,8;11,4;55;53,6;5,8
365;93,9;108;119,6;147,2;35,9;49,7;43,2;15,1
366;91,7;111,4;126,8;152,1;54,2;56,1;45,5;24,2
367;113,7;122,3;130,2;149,9;19,2;51,9;49;7,6
368;89,9;91,2;84;112,4;40,4;43,1;38,6;17,3
369;109,7;120,5;124,2;133,8;27,8;52,4;48,4;11,4
370;85,9;80,1;80,6;171,9;17,4;34,7;33,5;5,2
371;99,3;97,5;94,7;116;18,2;40,8;40,5;5,9
372;116,7;129,1;146,6;186,2;24,4;58,8;52,5;13,3
373;130,8;133,2;134,9;153,5;14,8;55;54,4;5,5
374;96,5;101,7;88;118,1;26,9;41,4;41,1;12,1
375;118;115,1;110,7;138,2;15,6;48,6;46,8;7,4
376;120,6;123,5;118,1;107;14,5;49,1;49,9;4,8
377;107,8;100,8;98,2;116;16,4;43,3;42,2;6,4
378;110;113,4;115,8;181,3;14,5;47,7;47,3;8,2
379;83,2;132,5;185,9;211,5;57,6;72,9;53,5;33,5
380;123,4;116,1;119,8;228,6;9,1;48,9;48,3;4,6
381;156,7;152,4;146,5;69,4;10,8;61,5;62;4,4
382;85,4;110,2;143,2;209;40,6;56,4;44,8;21,1
383;72,2;80,4;64,9;101,3;33,5;32,4;31,5;12,5
384;148,2;142,9;126,4;77,2;22,1;60,4;58,4;13,1
385;121,5;133,2;147,7;156,9;28,4;61,9;55,1;16,6
386;134,5;143,7;148,2;153,5;15,9;60,1;58,6;8,5
387;110;122,7;134,5;207;20,8;53;50,5;9
388;149,4;151,1;144,1;87,6;14,7;60,4;60,9;6,5
389;123,9;104,5;92,8;95,1;31,4;49;44,4;14,1
390;155;157,5;156,2;151;15,9;65,2;63,6;8,2
391;125,5;127,1;119,8;69;26,1;50,9;50,2;6,6
392;107,5;116,5;120,4;168,3;25,3;51,4;48,1;13,2
393;91,8;115;138,9;189;39;55,9;46,4;18,8
394;114,6;119,3;115,1;126,3;23,9;49,7;48,6;9,4
395;81,2;76,7;66,9;80;43,6;32,4;31,2;6,2
396;97,3;118,3;129;166,1;37,8;52,1;46,7;13
397;99;107,3;106,5;134,5;27,3;47,2;44,2;14,9
398;141,3;134,1;123,2;102,5;24,4;57,3;55,2;11,8
399;98,5;102,1;107,9;195,9;12,6;42,5;41,7;4,3
400;124,1;146,4;171,4;193,2;27,9;68,1;59,4;18,5
401;50,2;69,9;80,7;141;47,9;33,9;27,7;13,8
402;138;137,8;136,3;114;16,5;57,9;56,2;8,3
403;132;131,4;126,2;109,2;16,8;54,3;54,1;7,4
404;118;138,5;148,2;176;30,2;60;55,3;13,1
405;110,5;119,5;92,7;92,5;30,8;47,4;47,5;17,3
406;124,2;124,5;122;134,8;11,9;50,9;51,4;5,4
407;157,5;160,9;159,2;157,3;13,4;65,3;64,4;6,1
408;119,2;123;119,9;134,9;11,3;49,4;50,4;4,8
409;126,3;127,8;125,7;121,5;7,7;51,1;52,3;3,5
410;136,8;143;144,1;119,2;21,2;60,3;58;9,5
411;186,3;190,5;192,3;188;3,5;75,5;76,6;2,3
412;155,4;151,3;143,3;61,9;16,8;61,6;61,3;6,6
413;140,1;131,7;125,3;90,9;19,9;56,5;54,8;9,1
414;117,7;124,5;123,1;153,9;20,6;50,5;50,1;6,8
415;145,6;135,2;127,7;95;22;58,5;56;10,1
416;145,5;118,4;121,3;153,5;30,6;59,2;51,9;17,1
417;99,5;105,9;107,5;153,6;17,9;44,3;43,7;6,9
418;128,6;136,4;139,2;187,6;10,9;54,9;55,3;4,4
419;111,7;116,6;117,9;132,1;24,9;52,1;48,3;13,9
420;117,6;128;114,2;141;21,3;51,1;51,2;12,1
421;143,1;152,9;151,3;142,5;13,4;62;61,7;7,6
422;89,3;123;124,7;171,6;44,5;56,3;48,8;25,1
423;125,4;138,5;142,5;180,3;13,9;56,5;56;6,5
424;161,1;148,6;138,4;81,2;24,6;64,3;60,9;11
425;157,9;169,6;172,2;169,2;14,1;69,8;68;8,9
426;99,2;134,7;170;200,8;44,8;67;54,1;23,5
427;109,9;126,1;129;187,5;29,4;54,3;51,1;13,7
428;153;154,6;155,8;150,6;13,4;64,6;63,5;7,3
429;133,7;137,3;130,7;110,7;12,3;54,5;55,6;5,8
430;115;129,1;141,2;184,5;26,2;57,4;52,5;13,7
431;125,4;121;117,3;130,1;20,1;52;50,2;9,5
432;138,1;131;121,9;68;17,1;55,4;54,1;8,7
433;156,2;140,9;124,5;65,3;29,2;61,8;58,7;13,6
434;138,9;108,1;86,2;35,1;38,5;54,6;48;20,8
435;94,5;94,9;91,9;108,5;20,6;40,9;39,1;8,3
436;134,8;113,5;94,2;54,9;42,2;53,1;47;15,9
437;114,3;108,2;118,6;240,8;18,2;49,8;45,8;10,4
438;186,3;162,6;139,5;48,4;33;73,1;67,5;18
439;128,1;124,9;119,3;134,1;16,3;52,4;51,9;8,8
440;121,3;121,7;117,5;114;17,2;51;50,2;8
441;127,7;127,6;121,4;87,3;11,5;51,6;52,7;5,6
442;153,2;151,4;154,1;263,5;9,4;60,5;60,9;1,7
443;109,2;122;132,3;144,5;22,7;53,5;49,2;10,9
444;128;129,5;123,5;146,6;29,3;57,5;53,4;17,4
445;123,9;139,5;142,9;119,8;39,3;66,6;57,3;29,9
446;119;126,3;125,9;144,5;20,4;53;51,6;9,3
447;91,2;88,3;85,2;117,8;36,6;40,8;36,8;13,4
448;122,2;119,5;126;209,6;12,7;50,8;49,8;5,9
449;153;148;145,6;117,8;10,9;61,1;60,2;6,1
450;119;112,7;106,8;74,5;19,6;47,9;46,6;7,7
451;110,8;98,2;91,7;91,8;37,6;47,6;41,6;15,7
452;123,5;119,3;107,7;81,6;20,2;50,1;49,3;9,7
453;113,9;100,2;92;26,8;19,9;44,7;43,1;8,2
454;108,3;106,5;117,1;219,8;17,9;47,2;44,2;8,8
455;50,2;45,7;42,9;117,5;21,8;20,1;18,4;4,5
456;100,8;107,2;96,6;117,4;24,7;42,9;43,2;9,1
457;134,4;128,9;122,8;106,8;18;54,6;52,6;8,2
458;141,7;146,7;145,4;148,8;18,9;61,3;59;10
459;156,4;152,5;151,5;113,3;13,7;63,8;62,1;6,7
460;119,8;110,5;100,8;81,4;20,2;47,5;45,8;8,9
461;109,5;103,8;102;105,1;15,4;43,9;43,3;5,2
462;121,6;115;113,5;123,4;13,2;48,7;47,6;5,6
463;61,6;58,5;56,6;111,7;29,8;25,9;23,8;5,8
464;106,1;93,7;82,5;57,7;32,3;42,9;39,6;11,4
465;92,1;97,9;113,8;165,9;37,7;49,8;40,8;18,8
466;122,9;112,3;91,3;65,3;35,1;49,9;47;17,2
467;123,7;115,1;111,2;98,6;19,9;50,2;48;8,1
468;159,6;158,5;155,4;124,5;10,8;64,5;64,6;5,3
469;102,6;111,8;120,7;189,4;25,3;47,8;44,7;7,4
470;128,1;149,3;159,9;168;32,7;67;60;19,2
471;116,5;106;111,3;105,1;31,2;53,6;45,6;17,6
472;112,7;105,4;103,2;127,7;17,4;45,5;43,6;7,1
473;145,6;125;116,8;79,9;23;57,9;53,2;13,1
474;113,8;111,4;104,8;86,5;42,7;56,5;46,8;24,6
475;100,9;101,7;108,2;197;15,2;43,1;41,8;5,5
476;133,6;136,1;136,2;177,1;18,7;58,2;55,4;11,1
477;129,1;116,1;111;71;33,4;54,4;48,5;14,3
478;119,5;116,9;108,3;92,5;20,4;48,4;48;8,3
479;131,4;112,5;101,5;39,8;27,6;51,8;48;11,9
480;114,1;126,8;149,3;219,7;24,3;58,6;52;13,8
481;156,6;174,7;194;170,8;22,8;78,2;70,5;15,7
482;122,4;131,3;141,3;165,2;23,7;58;53,2;11,1
483;116,6;99,4;93,2;93,5;48,5;53,6;44;26,9
484;126,3;117,3;106,5;64,7;24,5;51,1;48,9;11,4
485;99,5;94,2;81,5;77,6;25,9;40;39,1;10,7
486;149,5;134,4;112,5;44,6;29;59;55,7;15,4
487;123;109;97,5;73,8;28,5;49;46;12,4
488;109,4;101,9;96,9;100,3;22,4;44,8;42,2;9,6
489;81,2;68,8;56,1;54,8;39,5;32,4;29,4;11,2
490;113,8;104,8;95,3;68,6;25,8;46,6;44,1;11,8
491;92,6;111;71,1;118,3;45,8;45,1;43,7;26,8
492;121,9;114,4;109,5;114,7;17,7;49,3;47,5;8,3
493;121,4;114,8;108,2;90,8;21,2;48,6;47,6;7,8
494;133,6;135;138,4;170,5;12,3;56,6;55,8;6,6
495;111,9;118,4;112,5;106;14,6;47,7;48,3;7,2
496;129,6;122;93,3;57,7;37,6;52,4;50,1;18,3
497;70,7;64,7;58,8;80,4;22;28,2;26,7;6,5
498;101,5;104,1;94,5;83,9;21;43;42,5;10,1
499;80,6;74,6;64,2;53,8;22,3;31,8;30,2;7,1
500;147,6;138,6;135;71,9;18,9;60;57;8,5
501;98,8;101,9;105,6;153,2;14,4;42,5;41,5;4,7
502;159,9;127,5;114,4;127,7;49,8;67,1;55,3;33,3
503;108,8;106,3;104,4;136,5;19,7;46;43,8;9,1
504;151,6;151;153,5;156,9;10,1;61,4;61,3;3,7
505;109,1;111,3;110,5;151,6;23,5;46,5;45,5;7
506;87,8;90,1;87,8;135;22;39,3;36,9;11,1
507;103,2;105,9;86,5;91,1;35,6;43,7;42,5;14,3
508;118,5;118,7;114;122,9;14,3;48,7;48,3;6,6
509;84,2;96,4;81,5;115,6;27,8;38,7;38,4;13,1
510;142,8;141,8;135,4;136,9;21,1;59;57,5;9,8
511;141,2;139,8;127,3;117,5;26,2;59,6;57;15,3
512;80,1;94;110,5;189,2;39,6;44,8;37,8;14,1
513;102;106,4;107,3;136,6;20,9;44,8;43;7,8
514;88,4;96,1;103,4;149,4;31,1;43,7;39,1;12,6
515;108,7;109,4;106,2;119,9;14,6;44,7;45;5,5
516;122,4;131,1;143,8;195,1;19,8;57,3;54;10
517;123,3;116,8;96,2;67,5;36,4;50,8;47,8;16,2
518;92,7;105,2;116,2;176;28,5;47,5;42,7;12,7
519;132,1;135,9;126,6;141,6;27,6;58,5;55,9;17,8
520;108,4;105,7;87,3;65,5;23,7;43,9;43,1;12,2
521;100,4;114,5;118,8;191,5;16,9;46,7;46,8;6,4
522;144,4;128,6;120;96,3;24,1;57,1;54;11,5
523;104,2;95,4;91,7;106,2;22,4;41,2;39,3;6,2
524;97;76,9;70,7;128,4;41;39;33,7;13,1
525;101,5;97,9;89,9;98,5;20,4;41,1;39,9;7,4
526;132,3;108,9;101,8;133;29,4;53,1;47,3;15,9
527;123,3;129,3;110,4;96,5;33,1;56,2;52,4;18,5
528;117,5;99;88,7;93,5;37,1;47;42,5;13,3
529;127,5;104,9;90,9;64,8;33,6;50,4;44,3;14,9
530;119,1;114,8;108,2;81,9;25,8;48,9;47,2;8,6
531;89,3;86,4;86,8;151,4;17,8;36,7;35,5;5,4
532;140,3;113,8;103,8;96,7;35,7;55,2;49;15,4
533;119,5;102,3;95,5;110,1;32,1;48;43,4;12,7
534;161,2;128,6;120,5;94,6;32,2;63,2;56,2;18,1
535;107,4;96;82,2;55,9;24,4;42,4;40;10,6
536;106,3;101,3;104,4;177,5;18,1;43;42;5
537;137,7;133,4;137,6;175,3;14,3;58;55,8;8,8
538;128,8;133,6;129,3;124,9;14,4;54,2;54,4;6,9
539;113,3;88,2;70,6;42,2;34,9;44,6;39,7;17,4
540;104,8;99,5;98,6;130,5;29,1;46,3;41,7;13,2
541;97,4;74,3;75,4;190,6;38,9;40,6;33,5;17
542;123,1;110,7;103,9;122,3;33,9;53,4;47,4;18
543;110,7;71,8;37;32,9;56,7;43,4;33,6;28,7
544;80,5;42,7;15,9;31,8;86,3;32;21,9;28,6
545;116,8;67,7;18,2;31,4;86,4;45,8;32,9;39,2
546;99,7;81,8;63,7;34,8;49,4;39,1;34,9;15
547;163,6;103,9;73,4;34,6;57;64,2;49,3;35,4
548;115;87,8;60,7;57,9;51,6;45,2;38,4;21,2
549;99,3;85,5;67,6;65,2;36,4;39,2;36;13,5
550;97,8;71,5;52,6;40,5;55,7;38,4;32;18,9
551;145,8;89,8;8,1;34,2;95,3;57,2;42,7;52
552;158,9;109,3;18,9;36,4;90,6;62,3;48,8;53,3
553;143,9;99,5;66;30,3;61,9;56,4;44,8;30,2
554;132,2;67,1;13,8;25,5;92,2;51,8;35,1;46,9
555;122;77;12,3;35,2;90,7;47,9;36,4;43,3
556;84,1;46,6;29,4;122,2;61,4;33;22,9;23,4
557;88,2;55,6;17,2;30,2;84,6;34,6;25,4;28,4
558;71,9;31,1;8,8;27,7;87,5;28,2;17,3;26,9
559;122,8;73,3;33,2;28,7;72,4;48,2;35;35,4
560;61;41,5;31,6;83,8;52,6;24,4;18,5;13,6
561;154;100,3;36,8;29,8;82,5;60,4;46,1;46,9
562;81,4;59,8;34,5;70,7;55;32,4;25,6;20,4
563;142,2;84,6;34,4;27,4;81,1;55,8;40,8;42,5
564;99,8;72,9;44,6;38,7;61,6;39,2;32,2;22,1
565;156,9;117,4;81,5;26,8;54,2;61,5;51,2;27,9
566;75;51,8;31,5;30,5;71,6;29,4;23,1;17,1
567;34,7;12,6;2,5;21,1;96,1;13,6;7,4;12
568;145,2;82,1;14,8;29,6;90,2;56,9;40,6;50
569;110,7;105,7;90,9;83;25,7;44,7;43,7;12
570;62,7;35,5;13,6;24,4;85,2;24,6;16,7;19,8
571;147,7;77,3;16,6;26,3;88,7;57,9;39,6;49,6
572;105,5;49,7;2,9;32,4;91;41,4;26,8;39,2
573;62,4;43,1;15,2;78,4;66;24,5;19;18,9
574;117,9;77,5;5,6;33,8;94,8;46,3;35;42,1
575;37,8;23,4;17,4;220,5;55,1;15,1;9,9;10
576;103,1;63,3;7;35,4;93,1;40,5;29,7;36,8
577;137,8;81,4;10,1;31,3;93,7;54;38,9;47,4
578;108,5;70,5;11,5;32,4;86,8;42,5;31,8;36,2
579;69,2;52,3;37,6;66,7;45,7;27,6;22,4;14,2
580;131,1;102,1;56,8;55,9;70,7;52;43,5;31,2
581;45,9;38,7;29,6;74,3;44,3;18,6;15,6;7,7
582;143,3;113,9;84,3;39,3;45;56,2;49,2;24,7
583;84,9;50,3;11,9;27,8;91,7;33,3;23,4;29,7
584;86,9;59,8;38;28,2;68,6;34,1;26,6;19,6
585;109,5;68,2;25,9;29,5;81,9;43;31,8;33,1
586;126,2;87;36,1;35,8;76,2;49,6;38,9;36,5
587;119,1;89;81,1;72,6;44,6;46,8;39;15,4
588;197,9;103,3;19,3;27,2;92;77,6;53,9;67,6
589;73;46,7;29,2;44,1;67;29,2;21,5;19,4
590;105,2;73,3;40,4;50,5;67;41,8;33,1;27,2
591;133,2;97,6;79,4;80,8;44,6;53;43,3;23,2
592;109,8;73,3;16,8;35,2;80,6;43,1;33;36,5
593;109,9;74,6;32,1;35,5;75,9;43,3;33,4;31,4
594;90,7;51,5;35,7;110,1;71,4;35,9;25,4;24,9
595;117,4;86,8;64,2;44,6;57;46,2;37,8;22,5
596;126,7;96,7;74,5;25,2;47,4;49,7;42,6;19,9
597;115,1;72,4;39,6;30,3;65,4;45,2;33,4;29,4
598;108,9;69,3;29,2;29,6;77,1;42,7;32,3;32,3
599;123,2;69,8;48,2;26,8;61,2;48,3;34,8;30,9
600;76,5;47,7;29,9;111,7;69,9;30,9;22,2;22,8
601;136,8;96,6;49,8;37,8;69,2;54,1;43;35,3
602;107,4;83,7;66,1;72,3;41,1;44,1;36,9;20
603;150,7;103,2;29,1;35;79,7;59,1;46,6;47
604;94,3;67,7;27,4;33,3;81,9;37;29,3;27,1
605;130;133,1;141,6;173,9;16,2;57,4;54,7;8,2
606;137,3;100,7;17;39,4;81,2;53,9;44;45,7
607;110,7;73,2;31,4;32,5;72,7;43,5;33;31,3
608;129,1;63,9;22,4;28,9;84,8;50,6;34;44
609;133,2;90,1;24,3;38,2;80,5;52,4;40,6;42,4
610;98,4;62,6;36,3;40,5;72;38,6;28,8;24,8
611;122,3;67,2;26,4;49,6;76,6;48;33,4;37,9
612;125,9;118,2;117,6;135,9;14,1;50,5;49,5;6,6
613;73,1;80;82;143,6;23,8;35,3;33,1;10,2
614;117,3;114,3;107,2;62,1;13,4;46,4;46,8;5,3
615;33;23,5;13,5;29,7;51,4;12,9;9,7;7,4
616;141,6;70,1;36,2;45,9;80,2;55,5;37,8;44,3
617;157,6;152,4;131,3;49,9;18,5;62;62,4;12,3
618;97,1;57,9;37,1;96,9;65,2;38,2;27,8;26,8
619;78,9;51,1;19,2;43,6;78,2;31,1;23;23,7
620;51,3;25,9;16,3;49,8;78;20,1;12,7;14,6
621;153,6;113,9;99,2;23,2;40,1;60,2;51;20,7
622;146,2;84;53,4;23,9;68,4;57,4;41,6;36,9
623;132,4;79,2;40;36,7;70,9;51,9;37,8;36,2
624;140,2;128,6;89,3;47;42,6;55,4;53,3;23,3
625;144;90,9;28,3;32,4;73,8;56,5;42,3;44,1
626;130,1;82,7;27,4;30,5;75,7;51;38,2;39,3
627;69,6;46,2;16,8;33;77,1;27,3;20,8;22,5
628;147,1;124;86,2;47,2;50,8;58,6;51,7;27,2
629;125;90;56,3;28,4;55,8;49;40;27,2
630;130,5;85,1;17,3;33,5;88,4;51,2;38,8;43,5
631;124,2;80,2;23,7;35,3;84,3;48,9;37,1;39,6
632;152,3;109,8;36,7;35,5;80,5;59,7;48,2;45,6
633;191,4;107,7;4,7;30,7;97,2;75,1;53,7;69,2
634;122,1;124,7;121,2;121;15,5;51,8;51;7,9
635;124,9;118,5;109,3;75,6;31,2;53,9;49,6;16,2
636;68,1;50,2;21,3;59,3;61,8;27,1;22,2;20
637;120,9;87,2;52,7;31,6;59,4;47,4;38,9;26,4
638;115,2;109,4;96,7;66;18,9;46,1;45,6;9,3
639;120,9;87,2;52,7;31,6;59,4;47,4;38,9;26,4
640;103,6;110,5;103,7;122,8;31,1;46,7;44,4;13,1
641;121,3;110,5;111,1;177,9;24,3;49,2;46,5;8,3
642;137,3;116,5;102,3;33,7;29;54,1;50,1;13,8
643;121,2;89,5;77,3;60,9;46,3;48,7;40,3;20,2
644;96,5;85,2;78,7;81,7;24,9;38,2;35,9;8,5
645;94,2;78,1;77,3;149,8;33,9;37,9;33,1;11
646;133,1;108,5;89,3;60,5;37;52,3;47,4;17,9
647;131,4;121;119,8;114,7;21;52,5;49,8;7,5
648;140,8;139,5;124,9;77;19,3;57,6;56,8;11,1
649;121,1;121,9;117,8;90;33,5;55,4;50;15,2
650;122,1;121,8;111,7;93,3;21,2;50,3;49,4;9,6
651;153,1;144,8;129,4;98;22,2;61,8;59,9;15,2
652;77,8;69,5;75,8;140,3;53;40,3;30,3;20,4
653;110,1;111,8;120,9;172,5;29,4;51;46,7;11,8
654;123,8;108,8;100,5;102,9;28,5;49,7;45,9;12,8
655;124,9;131,5;64,5;71,7;55,7;55,1;52,6;38,3
656;107;130,8;88,6;89,2;36;52,2;51;26,8
657;94,3;119,8;79,1;92,1;41,6;48;46,8;27,3
658;90,4;145,4;87;112,5;46,5;57;54,7;39,6
659;88,8;87;61,1;94,5;31;35,9;35,1;16,1
660;93,8;114,1;104,6;134,9;26,9;46,1;45,9;12,9
661;80;79,2;66;96,4;31;33,2;32,5;9,5
662;111,5;115,3;116;111,1;20,8;49;47,4;9
663;56,2;70;36,4;97,1;48,9;27,7;27,1;22,3
664;113;110,3;94,5;64;23,6;44,9;44,8;9,9
665;174,4;215,8;163;110,5;30,1;84,7;81,8;33,1
666;117,4;154,8;136,3;141,2;30,2;61,3;60,5;19,4
667;110,2;121,8;64,9;67,9;47,8;48,6;47,7;28,8
668;69,7;57,4;40,7;75,3;49,1;27,4;24,3;13,5
669;123,4;116,9;109,4;143;20,5;48,8;48,2;9,3
670;143,2;147;123,8;85,4;23,1;60,1;59,9;16,2
671;117,6;140,6;105,3;102,3;27;55,2;54,9;22,5
672;101,2;170;116,9;121,2;43,6;66,7;64,4;37,7
673;84,3;77,8;74,1;88,9;19,6;33,7;32;5,8
674;117,9;120,3;124,8;158,1;12,9;50,7;49,9;6,6
675;145,3;138,2;133,1;112,5;27,7;61,5;57,2;12,3
676;118,7;129,7;138,4;153,9;20,9;56,8;53,1;11,1
677;116,7;135;148,8;197,6;23,4;58,5;54,5;10,7
678;125,4;122,6;123,5;105;20;54,1;51,4;9,9
679;136,7;140,2;144,4;162,9;12,9;58,2;57,5;6
680;116,1;125,6;134;180,7;24,6;53,7;50,7;9
681;115,8;124,4;137,6;215,1;16,3;54;50,9;8,2
682;96,7;113,8;118,3;170,3;34,6;49,3;45,5;13
683;122,9;134,4;104,8;102,3;31,3;53,3;53,6;18,8
684;99;105,4;111,1;155,7;27,4;48,1;42,9;12,3
685;153,8;158,6;126,2;87,6;24,6;63,5;63,6;19,2
686;88,5;82,5;81,7;129,5;25;35,6;33,4;5
687;109,3;131,7;142;162,6;36,1;58,4;51,9;14,9
688;111;110,2;111,4;142,1;21,9;48,1;46;10
689;103,7;105,5;103,8;131,2;24,7;45,4;43,6;9,5
690;94,6;125,8;162,1;172,4;44,3;65,2;51,1;24,9
691;75,8;83,8;94,9;142,2;35,7;39,1;33,6;10,2
692;124,2;120,6;100,5;101,2;30,5;49,8;49,7;13,8
693;93,7;96,4;88,3;102,2;21,9;38,3;38,9;6,4
694;147,6;143,9;134,2;68,5;23,6;62,2;59,5;13,6
695;87,1;110;133,4;192,4;30,3;52,6;44,2;16
696;122,5;117,7;98,9;87,6;36,5;51,5;48,6;17,1
697;99,8;119,3;136,8;174,6;30,6;54,9;48,4;15
698;123,4;128,8;133,1;202,5;11,7;52,5;52,5;4,7
699;108,5;102,5;92,6;98,1;22,5;44,6;42,1;10,8
700;89,7;111,6;127,7;167,9;29,6;51,6;45,2;14,8
701;75,1;96,5;97,1;155,2;40,7;40,4;38,1;11,2
702;119,5;132,5;142,4;124,6;31,7;62;54,1;18,1
703;141,9;150,3;137,1;127,8;31,6;64,6;60,9;19,9
704;123,3;131,1;131,3;160,7;22,1;53,9;52,1;7,8
705;128;129,9;131,6;186;7,8;52,8;53,8;3,9
706;120,8;140,4;151,6;156;23,1;61,4;56,9;13,6
707;127,3;142,7;152,1;155,7;26,4;63,2;57,8;13,9
708;132,4;132,4;132,4;0;0;51,9;54,1;0
709;169,1;167,8;167,8;104;6,7;67,5;67,8;3
710;134,4;131;132;138;13,2;55,2;54,1;6
711;145,6;152,8;166,8;218,5;14,7;66;62,9;9,3
712;149,8;150,3;153,9;167,4;4,2;60,9;62;2,9
713;94,2;103,5;117,4;166,9;34,9;51,5;43;18,9
714;118,1;124;125,2;148,2;15,8;51,4;49,9;6,9
715;77,5;111,4;137,7;171,9;48,8;56,9;45,2;25,3
716;119,9;128,3;135,3;140,2;31,9;56,6;51,7;12,3
717;73,6;91,1;100;194,9;34,1;39,5;36,3;9,2
718;128,2;79,7;25,2;29,5;81,4;50,3;37,4;40,9
719;102,2;120,7;96,7;109,7;22,9;47,9;48,2;16,9
720;100;106,6;104,6;139,7;14,5;43,6;43,5;7,1
721;114;119,1;116,9;144,4;17;49,5;48,7;8,3
722;100,3;104,6;97,2;109,7;17,6;42;42,5;7,2
723;98,2;107;112,3;157,7;21,6;45,4;43,1;7,4
724;15,6;31,4;8,1;103,7;76,7;13,6;11,2;14,5
725;153,8;155,9;166,9;162,4;18,7;68,7;63,6;11,7
726;156,5;161,1;163,9;116,7;16,9;68,1;65,6;9,5
727;105,9;126,9;140,9;179,3;32,5;56,7;50,7;14,1
728;117,5;129,4;128,1;178,8;18,7;54,3;52,6;11,9
729;129,8;136,8;138;160,3;11,8;54,9;55,8;4,3
730;99,2;131,3;153,5;191,2;36,6;60,6;52,8;17
731;116,5;117;115,7;128,8;19,8;48,6;47,3;5,9
732;125,1;123,7;126,4;194,5;16,2;51,2;50,5;5
733;75,8;91,1;88,5;158,6;22,5;36,2;36,5;7,4
734;101,1;96;79,1;74,2;35,1;40,7;39,6;12,4
735;138,9;136,9;136,7;160,4;6,8;55,6;56,7;3,4
736;113,8;121,5;131,1;186,5;18,7;52,2;49,4;8
737;100,7;120,1;114,7;158,5;21,9;47,9;48,1;10,2
738;110,2;134,2;157,3;204,4;27,9;62,1;54,4;16,5
739;94,9;114,6;120;176,7;21,8;47,3;45;8,4
740;120,4;128,7;134,6;191,6;15,5;53,2;52,2;6,1
741;95;112,4;127,6;197,4;29,7;50,2;45,7;11,3
742;139,6;146,8;155,6;188,1;15,8;62;59,6;7,5
743;117,9;122,1;124,5;152,4;17,8;51,9;50,5;8,4
744;95,2;135,7;167;207,6;46,9;65,5;54,1;22,5
745;109,4;105,9;99,8;95,8;19,4;44;43,4;6,5
746;129,3;124,7;120,1;144;15,3;52,9;51,1;8,2
747;116,9;114;108;96,2;15,5;47,3;47,5;6,9
748;98,4;109,9;126,7;220,4;27,8;50,5;45,1;13,2
749;88,4;94,6;94,7;163,1;41,1;45,2;39,1;18,6
750;69,3;73;84,2;220,1;24;33,5;30,5;8,9
751;91,1;105,8;90,3;135,7;43,2;44,8;42,1;19,4
752;123,4;126,4;120,1;109;13,6;51,2;52;7
753;72,6;113,7;147,5;207,9;53,7;58;45,8;23,4
754;120,2;121,5;116,9;145,8;23,6;51,5;50,2;12,3
755;105;117,9;121,4;165,6;25,9;50,9;48,1;12,6
756;139,3;139,8;121,9;84,7;23,8;55,8;56,8;11,3
757;101;104,8;110,4;168,7;22,4;44,7;42,9;6,7
758;107,8;111,8;111,3;175,9;14,9;45,5;45,4;5,9
759;95,4;130,4;165,3;185;42,7;66,2;53,1;26,2
760;101,2;108,8;111,3;158;23,7;46,8;44,2;9,4
761;110,4;118,7;129,1;212,9;18,6;50,7;48,5;7,6
762;119,9;109,6;96;75,7;28,9;48,1;45,9;12,1
763;75,9;53,5;25,4;40,5;71,2;29,8;23,8;21,6
764;108,4;118,3;111,2;117,5;28,1;50,5;48,2;15,2
765;87,5;95,6;106,2;178,8;33,4;44,4;39;11,9
766;105,4;108,6;110;158,3;18,2;45,8;44,8;6,8
767;99,4;100,9;96,2;112,6;17,2;40,5;40,7;5,1
768;99,9;105,1;113,4;184,1;16,2;45,3;42,5;7,1
769;87,9;93;95,9;158,3;21,2;39,8;38;7,6
770;122,9;126,7;124,3;127,9;28,4;55,8;51,5;13,4
771;123,6;125,5;130;168,6;11,1;52;51,4;4,7
772;135,8;126,1;99,9;67,3;30,6;53,7;52,5;16,7
773;148,8;146,5;144;121,1;11,3;59,6;59,8;4,8
774;131,8;131;142,2;242,6;12,1;55,9;53,7;7
775;140,5;145,7;155,5;205,8;16,4;62,2;59,6;8,1
776;83,4;111,3;141,5;189,4;50,2;59,4;45,8;27,2
777;143,4;159,9;168,1;163,7;31,7;71,7;64,6;18,2
778;91,7;96,2;97,8;156;16,7;39,7;38,6;5,1
779;117,6;116,4;102;93,8;30;49;48,1;13,6
780;153,4;159,9;168,6;200,6;12,4;67,4;65,2;7,6
781;114,4;121;120,8;128,5;16,6;50,2;49,5;7,8
782;137;148,7;153,1;175,6;18,6;62,6;60,4;9,8
783;103,9;109,5;107,8;127,7;14,8;45;44,6;6,4
784;149,9;156,3;161,2;145,1;21,6;66,8;63,1;11,5
785;151,7;163,1;156,6;143,2;11,1;64,7;65,5;7,5
786;121,4;136,2;102,8;102,8;31,2;54,1;54,4;21,8
787;93,5;102,1;114,3;146,2;19,9;46,1;41,5;10
788;153,5;152,4;145,2;103;17,6;64;62,1;10,6
789;102,9;105,3;102,7;127,6;28,7;43,8;41,9;6,6
790;127,2;132;132,9;164,1;12,9;53,4;53,6;4,8
791;121;137,8;143,9;166,5;24,2;59,4;55,6;13,2
792;60,1;63,2;54,9;103,2;36,5;25,4;25,1;6,2
793;100,9;107,8;92,2;91,9;34,3;44,1;42,8;13,3
794;136,2;139,6;142,9;158,8;14,5;58,9;57,6;7,3
795;139,8;143,4;145,3;170;8,1;58,1;58,5;4,5
796;108,9;109,5;116,2;226,1;11,3;45,9;44,9;4,7
797;94,8;121,8;136,4;194,7;33,9;53,6;49;13,2
798;100,7;115;121;159,4;43;53,4;46,5;17,9
799;85,5;103,5;118,4;141;43,5;49,8;41,8;17
800;119,3;118,8;115,4;91,8;15,8;47,9;47,3;4,2
801;127,2;126,5;128,6;154,9;11,8;52,9;52,2;5,6
802;153,8;154,6;154,6;159,9;11,2;63,8;62,9;5,9
803;118;128,2;136,9;194,1;24,1;55,5;52,1;10,7
804;104,8;100,7;104,6;192,6;19;44,5;41,1;7,7
805;61,7;125,2;157,1;200,2;63;61,6;49,4;25,9
806;110,2;125;149,1;154,7;35,8;62,9;51,9;22,4
807;75,9;96;66,3;108,9;45,1;38;37,7;21,9
808;117,5;138,3;161;157,4;39,7;68,1;56,6;23,3
809;120,8;123,6;118,7;153,3;21,5;50,8;50,6;8,7
810;84,6;80,6;67,5;122,3;28,4;34,6;32,9;10,3
811;114,3;131,5;128,1;143,8;28,7;55,8;53,1;15,4
812;115,5;114;112,6;154,9;17,9;47,5;47,1;7,1
813;136,1;128,3;115,8;103,8;20;54,3;53,5;11,5
814;108,6;108,5;93;105,6;33,5;44,9;44,3;13,1
815;105,3;107,3;105,6;126,7;14,1;43,8;43,7;4,8
816;121,3;126,6;130,9;135,4;33,8;54,5;50,4;9,3
817;101,1;128,1;142,3;170,3;37,2;59,6;51,4;20,9
818;100;104,6;113,5;155;25;47,6;43,3;12,5
819;114,3;133,3;168;169,2;38,9;69,6;55,1;30,1
820;108;132,5;162,7;214,1;35,6;63,8;53,9;19,5
821;133,2;134,8;135,8;148,9;5,7;54,2;55,6;2,9
822;99,3;100,9;75;82,7;43,2;40,9;40,7;17,3
823;109,2;116,2;105,9;104,8;20,3;46,6;46,3;9,3
824;115,7;124,8;122,5;125,2;25,9;52,6;50,3;11,6
825;80,3;110,5;131,6;156,8;50,5;56;44,8;26
826;141,4;149,8;148,6;156,2;13,9;60,6;60,1;7
827;125,9;129,5;125,2;128,5;15,7;53,2;53,3;7,8
828;160,3;173,1;179,1;175,3;17,5;71,3;69,2;7,8
829;132,3;140;148,2;208,3;11,6;58,1;57,6;5,7
830;152,9;152,4;148,5;112,5;11,4;62,3;61,8;6,3
831;118,8;127,5;121;129,1;32,7;55,2;51,9;17,1
832;112,3;121;93;93,1;42,2;48,8;47,7;17,6
833;126,5;125,6;125,4;62,2;2,4;49,8;52,4;0,9
834;114,9;118,8;114,4;111,1;33,4;52,9;49;15,9
835;133,3;141,3;145,1;190,3;11;57,1;57,3;4,6
836;84;118,6;126;158,8;35,1;51,3;47,4;15,7
837;125,1;131,9;141,7;208,6;17,4;56,9;54,3;9,3
838;115,8;116,8;113,9;118,5;9,3;46,6;47,6;3,6
839;116;122,4;134,4;215,1;14,3;52,9;50,8;7,6
840;113,9;124,4;141,6;209,8;20,9;55,9;51,8;11,4
841;99,4;130,1;110,5;125,5;44,4;55,8;51;27,7
842;92,4;103,2;111,4;198,6;23,1;43,8;42,2;7,1
843;125,8;126,6;142,1;164,2;24,7;58,2;52,1;12,7
844;120,2;111,8;106;94,3;20;48,3;46,7;8,6
845;146,7;142,1;133;96,1;18,9;59,5;58;9,5
846;151;135,7;119;51,7;28,3;59,4;56,8;13,1
847;153,9;131,8;118,7;78,7;29,1;61,5;56,4;16,7
848;108,9;92,3;74,9;73,3;52,2;45,6;39,4;19,7
849;127,7;99,4;93;129,9;33;50,2;43,9;15,7
850;107,6;116,8;114,8;108,2;37,8;54,7;48,1;21,6
851;108,1;103;101,9;176,5;16,1;44,4;42,9;7,8
852;122,9;102,9;97,5;136,6;24,4;48,4;44,8;12,6
853;131;113,9;110,3;122,5;22;52,4;48,7;11,2
854;203,1;202,4;203,2;60,8;6,2;81,5;81,2;3,6
855;112,5;120,2;127,4;150,8;24,5;52,4;48,9;10,6
856;119;126,3;133,2;155,2;35,5;59;51,9;20,2
857;145,8;161,8;158,9;131,8;37,1;73,8;65,6;28,3
858;110;123,2;133,4;166,5;27,8;54,1;50;12,2
859;119;117,7;105,3;117,6;24,6;50;48,5;12,9
860;98,8;103,5;111,3;204,4;14,8;44,1;42,4;6
861;131;124,9;122,3;131,8;15;53,2;51,3;6,8
862;120,9;111,9;103;94,1;26,7;50,7;46,7;13,2
863;113;103,5;99,5;129,8;26,1;48;43,5;12,9
864;107,5;118,5;89,5;103,3;36,5;49,2;47,7;21,7
865;106,1;104,1;97,1;111,6;24,1;42,9;42,5;7,7
866;90,9;87,8;106,3;200,4;33;46,5;37,9;18,5
867;115,7;116,3;108,3;111,9;18,2;48;47,5;8,3
868;152,6;145,9;132,4;96,3;21,2;61,7;59,5;11,3
869;121,8;108,9;100,4;75,7;22,5;48,8;46,1;10,8
870;122,2;114,7;118,1;172,2;13;50,1;47,8;6,9
871;120,1;114,2;112,2;97,8;20,6;48,9;47,2;7
872;122;112,8;109;113,4;20;50,2;47,3;9,6
873;119,4;115,8;113,7;118,3;21,7;48,4;46,7;6,1
874;101,5;94,4;96,3;107,4;27,6;45,6;40,3;14,4
875;68,2;58,7;47,1;44,1;53,2;27;24;9,3
876;111,9;101,2;88,2;58,3;27,8;44,5;42,2;10,8
877;89,4;105;123,2;202,2;37,2;48,5;42;12,5
878;136,2;150,2;160,7;184,2;22,3;64,4;60,5;10,8
879;150,4;142,9;135,5;124,5;15,9;60,2;58,4;9,2
880;147,8;140,8;129;69,2;16,5;58,5;57,8;8,7
881;162,8;149,6;143,1;98;16,4;64,3;61,7;9
882;127,6;120,6;114,1;104,8;17,9;52,1;50,1;9,3
883;87,6;85,2;76,3;70;17,1;35;35,5;6,6
884;115;106,1;104,4;121,1;15,2;45,9;44,7;6,1
885;0;0;0;0;0;0;0;0
886;98,4;114,3;134,4;214,8;30;52,8;46,6;13,3
887;125,2;132,3;137;140,7;18,6;56,2;53,6;8,6
888;104,6;110,7;122,4;140,3;24,9;51,6;46,1;13,7
889;158,7;145,3;143,5;130,9;13,5;62,7;61;8,2
890;116;105,9;94,3;64,1;26,2;46,8;44,5;11,3
891;149,7;127,5;112,3;36;26,5;58,8;54,3;13,9
892;105,7;102,8;121,5;208,2;29;53;43,6;18,6
893;88,6;87,9;77,2;73,4;30,7;36,7;35,7;9,1
894;88,8;91;74,2;84,7;36,6;37,2;36,6;11,8
895;126,3;131,7;131,8;138,2;15,6;55,2;54;8,5
896;77,1;80;74,2;113,6;25,5;33,1;32,4;7
897;138,5;133,8;124,5;65,6;16,3;54,9;54,7;7
898;43,3;40,4;37,4;119,4;30,8;18;16,1;5,5
899;93,1;90,5;88,3;106,5;14,8;38,2;38,1;5,5
900;131,1;121,8;113,8;89,3;20;52,1;50,2;8,3
901;60,2;68,2;74,8;188,2;31,6;29,7;27,1;6,6
902;103,5;103,4;110;114,9;30,7;49,6;43,1;14,7
903;100,2;97,9;90,1;100,9;21,7;40,7;40,2;8,1
904;121;121,5;118,7;146,1;15,5;50,4;50,4;7,2
905;90,5;87,7;65,6;87,1;31,8;37;36,5;15,8
906;126,3;133,5;124,6;104,1;19,1;53,8;53,6;9,2
907;72,8;57,1;45,4;54,9;38,1;28,7;24,9;12,9
908;117,9;120,4;122,8;167,5;10,8;49,9;50,2;5,1
909;96,9;104,2;133,2;204,9;33,7;53,8;43,9;21,5
910;122,4;99,9;91,5;123,3;29,9;48,6;42,9;15,2
911;95,2;99,7;98,2;147,5;12,3;40,4;41,3;5
912;116,7;99,7;65,2;52,8;49,7;46,3;42;22,4
913;149,3;154,7;164,9;188,2;17,4;67,2;63,2;10,5
914;89,3;82,6;67,5;126,8;23,8;36;33,8;11,5
915;0;0;0;0;0;0;0;0
916;159,6;142,8;129,5;52,3;20;62,6;59,2;11,8
917;141,1;133,1;116;80,6;24,8;57,2;55;13,9
918;98;90,4;84,2;97;20,4;39,3;37,4;7,4
919;114,8;102,6;91,1;88,1;22,4;45,5;43;10,6
920;100,8;104,3;107;157,4;24,3;45,3;42,9;9,7
921;105,3;85,1;73,3;67,1;35,8;41,6;36,3;13,5
922;118,7;122,5;110,9;125,4;36,4;55,2;50,6;20
923;87,8;77;69,4;90,2;35,9;34,7;32,4;8,4
924;98,4;96,2;94,9;142,8;20,6;40,5;39,2;6,1
925;117,5;113,2;108,8;88,1;20,1;47,5;46,5;6,5
926;142,2;126,8;117;97;31,2;59,2;53,8;16,4
927;155,8;168,5;182,2;213,6;15,1;71,5;68;9,1
928;101,4;90,4;86,2;116,5;24,9;42,7;38,6;12,2
929;106,1;91,5;88,4;104;30,9;43,4;39,1;11,5
930;106,2;99,3;95,2;104,9;29,7;45,6;41,7;12,9
931;112,6;91,9;63,5;37,9;52,3;44,2;39,2;20,2
932;88,4;68,4;46;32,4;59,4;34,7;29,4;17,1
933;87,5;73;59,3;75,3;45,2;34,4;30,8;12,9
934;135,1;74,3;11,7;27,8;88,2;53;37;46,8
935;81,6;48,8;8;34;80,5;32;22,7;27,4
936;156,9;90,9;29,1;27,3;83,4;61,5;44,1;48,1
937;116;85,5;70,1;37,2;49,9;45,5;37,6;17,2
938;116,1;66,3;17;36,6;85;46,1;32,6;38,9
939;94,1;59,1;18,5;30,9;86,2;36,9;27,1;30,5
940;63,1;33,4;14,7;33,1;76,4;24,8;16;19,8
941;81,5;43,9;13;30,8;84,4;32;21,7;27,6
942;124,1;79,8;37,2;38;70,3;48,7;36,4;33,8
943;101,3;97,4;92,4;90,5;20,4;41,5;40,5;7,2
944;135,8;77,3;29,2;25,5;82,4;53,3;38,3;42,2
945;74,6;55,1;37,3;48,3;54,4;29,4;23,8;15,8
946;145,2;107,4;70;29,9;59,6;57;47,3;28,5
947;53,5;21,9;4,1;21,2;93,8;21;12,1;19,1
948;82,7;61,2;38,3;36,6;61,9;32,8;26,4;18,8
949;114,8;95;38,1;69,7;71,4;47,9;40,5;36,2
950;111,2;59,8;18,3;23,6;84,8;43,6;29,8;36,8
951;153,3;83,3;8,2;30,4;95,4;60,1;42,5;55,6
952;116,4;73;33,7;27,4;71,7;45,6;34,5;33,6
953;105,5;31,1;4;21;96,5;41,4;23,4;44,1
954;91,8;58,3;17,5;30;89;36;26,5;29,3
955;92;58,3;34,1;30,7;70,1;36,2;26,7;24
956;95,3;88,5;42,6;64,6;64,2;38,3;35,6;26,2
957;138,5;82,8;36,9;26,2;79,7;54,3;39,5;39,2
958;128,4;76,2;38,2;24,2;74,6;50,4;36,6;36,9
959;107,9;87,7;36,1;41,8;74,8;42,3;36,9;30,6
960;67,8;34,6;8,1;22,8;94,1;26,6;17;23,9
961;125,5;87,2;72,6;29,8;51,3;49,2;39,4;20,1
962;188,9;95,4;14,7;26;93,7;74,1;50,5;65,4
963;59,8;42,4;32;37,8;56,5;23,9;18,3;12,5
964;103,4;80,2;51,2;43,3;59,6;41,7;34,8;22,9
965;144,5;91;10,2;37,4;86,2;56,7;42,3;50
966;124,8;114,8;98,4;51,5;27;49,7;47,6;12,3
967;59,2;40,1;19,3;50;63,5;23,4;17,8;17,3
968;117,6;72,9;42,5;63,4;75,9;46,2;34,2;29,8
969;160;155,2;144,9;86,4;21,9;65,9;62,9;11,6
970;42,4;28,6;16;74,7;64,3;16,7;11,7;10,8
971;66,3;54,5;43,1;57,7;39,5;26,6;22,7;10,8
972;195,6;100,4;31,1;24,8;84,5;76,7;52,9;62,8
973;160,8;77,9;5;24,6;96,8;63,1;42,1;59,4
974;124,5;124,8;93,2;121,8;40;54,6;51,2;23,6
975;120,5;127;132,8;174,1;17,4;54,2;52,4;7,9
976;73;49,2;13,6;34,6;76;28,6;21,6;24,2
977;104,5;63,1;25,5;31,1;78,9;41;29,7;30,5
978;136,2;107,3;70,1;36,3;49,9;53,4;47,1;27,7
979;23,9;18,8;12,5;132;79,5;10;7,8;5,5
980;140,7;68;28,7;39;73,7;55,2;37;44,5
981;95,5;37,5;14,7;23,5;74,8;37,5;23;34,4
982;91,7;58;30,8;27,3;74,8;36,2;26,7;24,9
983;156,6;132,2;93,8;45,7;54,4;61,7;54,8;25,8
984;157,6;149,5;130,9;56,7;18,8;62,2;61,8;12
985;129,8;65,7;26,9;29,8;80,3;50,9;34,5;40,5
986;37,5;9,5;5,6;57,5;84,3;14,7;6,2;14,4
987;32,4;63,7;75,7;173,9;76,3;34,1;25,4;19,2
988;83,9;54;18,5;30,9;87,5;32,9;24,1;25,5
989;126,2;83,1;24,9;38,2;67,2;49,5;37,7;38,7
990;110,4;70,8;24,8;30,9;77;43,3;33,2;34,7
991;145,2;86,1;17,3;30,1;90,1;56,9;41,4;48,5
992;133,7;87,4;49,6;40,9;70,8;52,6;40,5;36,4
993;83,9;67,4;44,7;36,2;44,8;33;29,1;17,1
994;106,3;67,8;23;29,6;78,1;41,7;31,2;33,1
995;123,5;76,9;21,1;35,9;83,7;48,8;36,5;41,8
996;119,8;81,9;45,7;42,7;66;47;37,2;30,2
997;186,3;93,6;3,5;27;97,9;73,1;49,7;67,5
998;117,9;112,1;104,3;74,6;14,7;46,8;46,3;7,1
999;122,7;127,5;130;125,6;26,2;56,5;52,3;12,9
1000;128,4;80,3;12,6;34,6;86,5;50,4;37,8;43,2
1001;119;128,2;141;181,8;33;57;51,8;10,3
1002;115,6;97,4;75,9;48;32,7;45,6;41,9;16,2
1003;146,8;134,9;125,1;92,2;27;59,6;56;11,8
1004;94,6;96,6;93,3;130,2;29,3;41,4;39,4;10,1
1005;137,4;136,4;137,5;100,2;22,3;59,6;55,8;10,9
1006;133,4;102,4;82,9;35;41,8;52,7;45,5;20,6
1007;126,2;105,6;101,8;121,8;34;51,4;45,8;15,2
1008;105,9;89,9;72,2;38,4;32,6;41,5;38,3;13,3
1009;96,1;96,8;91;111,8;22,6;40,2;39,3;7,3
1010;133,3;128,1;120,7;103,9;17,1;54,2;53;8,2
1011;122,3;104,2;97,3;99,9;29,8;48,2;44,3;11,6
1012;137,9;134,2;122,8;88,9;19,1;56,2;55,1;10,5
1013;115,3;108,4;101;88,4;29,4;46,9;44,8;9,6
1014;120,3;119,9;116;114,7;12,6;48,9;49;5,5
1015;129,7;112;112,2;100,2;40,9;57,8;48,4;20,6
1016;137,6;172,6;124,2;103,9;41,5;69,5;66,9;33,3
1017;135,6;153,4;107,7;83,6;32,5;61;60,8;27,1
1018;83,6;96,1;39,2;74,1;65,2;40,5;38,3;35
1019;103,6;161,2;92,5;109,5;48,5;63,2;60,8;44,7
1020;79,4;96,7;84,8;142,2;36,8;41,1;39,2;16,4
1021;113,8;106,6;84,7;77,2;25,2;45,5;44,5;14,3
1022;55,7;75;62,4;157,3;39,6;30,4;29,2;14,2
1023;72,7;96,9;55,7;105,9;52,1;38,2;37,2;26,9
1024;90,7;135,6;83,6;108,5;44,4;53,2;51,8;35,1
1025;128,5;148,6;88,6;77,7;42,7;59,5;57,7;34,6
1026;53,9;100,1;60,7;126;53,5;39,3;37,4;28,5
1027;77,9;106,9;65,7;102,6;49,9;42,8;41,7;28,7
1028;112,9;124,6;114,5;149,4;19,1;50,4;49,5;10,4
1029;134,4;137,4;132,1;126,6;21,9;58,9;56,5;12,5
1030;98,4;122,5;101,1;115,1;32,1;48,7;48,4;18,2
1031;125,2;148,7;116;98,3;25,2;58,5;58,9;21,2
1032;71,7;72,7;65;72,4;18,1;29,6;29,4;5,6
1033;104,2;109;93,8;101,2;26,5;44;44,6;11,9
1034;109,1;128,4;148,1;188,8;23,9;58,4;51,9;13,4
1035;131,2;134,4;138,9;185,8;10,2;55,7;55,5;5,2
1036;118;119,8;122,6;168,5;13,3;49,8;49,1;5,3
1037;83,2;86,7;92,1;168,4;26,4;38,1;34,8;7,2
1038;115,4;125,8;138,5;213,2;18;54,3;51,7;8,3
1039;90,3;85,3;63,2;69,7;48;36,5;35;15,3
1040;138,5;139,4;139,6;114,3;18,8;58,6;57;7,5
1041;123,1;142,2;156;204;21,2;61,2;58;10,4
1042;130;125,2;130,9;185,8;18,4;54,9;51,7;8,5
1043;102,4;98,4;99,5;125,6;37,5;45,7;41;12,8
1044;81;106,9;166,5;176,3;58,7;70,6;47,3;48,1
1045;98,1;122,6;153;163,9;46,6;64,5;50,5;26,2
1046;139,8;140,7;143,5;211,8;3,6;56,3;58,1;1,9
1047;153,7;153,8;157;157,9;14,9;64,8;62,7;8
1048;106,4;109,6;94,9;101,8;31,4;44,7;44,3;12,6
1049;74,5;101,8;132,8;182,9;45,2;53,9;41,6;23,5
1050;122,4;140,3;159,7;201,3;26,8;63,7;57,4;14,5
1051;63,3;61,5;53,1;76,8;19,8;25,1;24,8;6,3
1052;125,6;130,6;134,7;197;11,7;53,4;53,2;4,9
1053;94,9;96,3;95,1;138,5;17,2;40,3;39,1;6,3
1054;98,9;98,3;103;172;29,6;44,4;40,7;10,2
1055;73,3;118,9;162,7;183,1;55,8;66;48,5;32,7
1056;144;153;160;185;17,4;64,3;61,7;8,5
1057;147,9;158,4;148,6;118;26,1;68,2;63,7;19,1
1058;130,3;133;134,2;184,5;7,8;53,6;54,8;3,6
1059;140,2;149;152,8;168,5;22,8;64,2;60,8;11,9
1060;131,2;132,5;99,4;76,5;30,9;53,7;54,1;20,5
1061;118,6;118,6;118,6;0;0;46,5;48,7;0
1062;176,3;180,5;188,2;216,2;8;73,9;72,8;4,7
1063;133,3;136,7;135,5;120,2;21;55,6;54,5;5,6
1064;101,1;117,1;138,3;209,1;28,1;54,4;48;13,7
1065;117,9;123,2;132,1;143,8;38,4;60,5;51,2;21,5
1066;131,7;142,5;157;166,4;22,5;64;57,9;13,5
1067;73,1;89,6;113,3;192,8;40;45,2;36,6;17,2
1068;114,6;124,1;119,6;119,2;34,2;53,6;50,1;14,6
1069;79;43,5;14,3;25,6;86,6;31;21,2;26,4
1070;128,3;131,7;127,7;110,2;11,7;53;53,3;6,1
1071;83,3;92,9;72,9;100,9;35,9;38,1;37,4;15,8
1072;109,3;117,2;115,5;131,8;30,7;50,1;46,7;12,6
1073;126,9;135,1;147,3;191,7;19,6;59,1;55,5;10
1074;156,6;166;167,9;175,4;10,8;66,5;66,6;5,2
1075;112,3;121,1;121;152,9;26,7;51;48,7;10,7
1076;126,3;137,6;136,6;167,3;17,3;56,7;56,1;9,4
1077;130,6;126,5;103,7;91,7;35;52,7;51,3;14,5
1078;120,8;117,4;119,3;177,8;17,9;48,8;48;4,8
1079;117,2;111,2;104,7;54,2;17,6;46;46,6;5,2
1080;161,5;161,3;159;88,8;3,1;63,9;66,1;2,2
1081;130,9;135,1;141,8;125,6;24;60,9;55,9;14,7
1082;55,9;95,1;124,6;215,2;55,5;48,9;37,9;19,7
1083;99,7;142,5;148;186,9;37,4;58,5;55,2;15,8
1084;124,8;133;143,6;194,4;18;56,5;53,9;7,6
1085;76,8;94,4;105,9;170;35,1;42,5;37,8;11,5
1086;82,4;86,3;84,4;153,8;12,7;34,4;34,3;3,4
1087;98,7;98,9;103,5;129,3;15,4;41,5;39,8;4,4
1088;109,4;105,9;99,8;95,8;19,4;44;43,4;6,5
1089;105,3;104,7;113,5;149,4;42,4;53,6;44,5;21
1090;129,6;129,8;126,7;116,4;12,5;53,2;53,4;6,4
1091;110,2;111,4;108,6;142,2;33,2;50,3;46;14,2
1092;75;122,2;163,1;196,1;57,2;65,3;48,9;29,7
1093;132,4;152,2;160,8;171,7;29,8;66,4;60,9;14,9
1094;103;94,4;83,4;74,5;19,6;41,7;39,2;9,9
1095;83;89,5;86,7;117,9;25;37,3;35,9;8,4
1096;118,4;144,8;168,5;195,1;31,6;66,9;58,4;17,8
1097;146;145;115;71,4;30,8;58,4;59,1;16,9
1098;155,8;153,8;156,8;280;2,3;61,5;63,2;1,9
1099;138,9;132,8;125,6;79;28,2;60,3;55;15,7
1100;98;106,4;90,1;109,9;24,1;42,8;42,8;13,1
1101;117;118,7;123,3;178,5;13,2;49,4;48,8;5
1102;108,8;106,1;100,8;116,9;19,3;44,5;43,8;7,6
1103;69,5;54,8;37,3;50,3;47,4;27,2;23,5;13,9
1104;116,9;129,8;145;186;27,6;58,9;52,8;13,7
1105;78,9;85,2;94,2;171,3;33,2;39,8;34,7;11
1106;107,8;112,8;116,8;107,8;14,6;47,8;46,4;7,1
1107;85,3;86,8;80,1;104,1;23,7;34,9;35,5;5,8
1108;98,7;106,4;118,3;231,2;18,5;46,5;42,7;7,8
1109;131,7;138,8;137,1;120,7;18,8;58,4;56,4;10,7
1110;106,3;113,8;110,1;126;20,9;47,7;46,7;10
1111;122,6;118,8;116,8;110,9;11,6;48,9;49,2;4,3
1112;151,3;151,3;154,7;179,2;9;62,4;61,6;4,9
1113;124,1;117,5;116,8;133,3;12,8;50,2;49,6;6
1114;78,6;78,5;115,3;126,8;79,5;64,8;38,1;55,7
1115;105,5;110,7;115,1;174,2;20,8;46,7;44,9;6,7
1116;78,3;69,8;60,8;117,9;39,4;32,7;29,8;12,8
1117;102,3;121;142,6;192,9;27,9;56,5;49,6;14,8
1118;112;113,4;106,2;128;24,5;48,5;46,6;12,3
1119;116,8;110,2;98,5;96,8;36;50,7;45,9;17,1
1120;121,1;131,9;123,1;129,7;23,5;54,7;53,5;13,3
1121;119,5;117;111,6;115,8;23,4;48,7;47,6;7,1
1122;106,3;120;122,6;133,9;30,9;52,8;48,3;14,3
1123;130,7;132,3;111,6;103,2;28,9;54,7;53,8;15,5
1124;79,8;92,5;64,6;101,3;43,3;37,8;37;20,1
1125;103,8;110;98,6;109,8;37,4;46,6;44;13,1
1126;114,2;114,1;110;126,3;26,5;47,6;46,5;8
1127;91,9;96,1;86,5;137,3;25,8;39,4;39,5;10,8
1128;82,4;100,1;113,7;153,4;33,6;46;40,3;12,8
1129;110,5;116,3;115,9;136,7;26,5;50,3;47,3;11,2
1130;110,2;108,8;107,9;129,6;9,4;44,5;45;3,7
1131;107,5;125,4;152,7;211,4;30,4;60;50,9;16,9
1132;84,3;81;76,3;66,9;14,9;33,3;33;4,1
1133;115,1;117,8;118,9;146,8;19,2;49,3;48;7,4
1134;88,2;99,7;106,5;169;20,1;42,1;39,7;6,7
1135;86,8;110,2;131,3;189,7;39,7;52,5;44,4;17,2
1136;122,3;120,1;93,7;68,4;29,2;48,8;49,6;15,9
1137;129,7;137;140,1;159,9;22,8;58,1;55,5;10
1138;137,2;135,6;123,4;111,2;25,4;57;54,6;13,2
1139;112,4;112,6;113,5;138;14,6;46,6;46,6;5,3
1140;95,7;103,2;97,9;116,4;32,4;45;42,1;15,8
1141;126,3;135,3;149,2;184,7;18,9;59,8;55,3;11,7
1142;87,1;88,8;86,4;121,8;28,3;36,3;35,1;4,3
1143;125,2;136,2;107,3;115,9;31,7;56,3;54,8;23,1
1144;168,7;154,4;140,5;41,4;17,1;66,3;63,6;10,4
1145;105,4;110,9;113,5;123,2;16,9;47,5;45,1;8,7
1146;86,9;92,3;80,6;118;41,3;39,3;36,9;13,1
1147;121;136;139,3;167,9;32,3;59,1;54,5;15,1
1148;128,9;137,8;142,8;186,7;12,2;56,5;55,8;5,7
1149;118,3;124,2;121,3;131;14,1;50,4;50,8;6,4
1150;136,8;169;191;177,4;29,6;76,1;67,7;17,5
1151;76,1;79,7;69,3;111,8;46,1;33,1;31,9;9,6
1152;133,6;134,6;133,6;120;12;56,1;55,2;6,9
1153;127,3;134,4;116,9;113,4;34,3;56,8;54,5;19,2
1154;121,3;119,4;118,5;145,9;9,7;49,2;49,5;4,4
1155;156,1;163,3;171,2;180,8;16,5;69,6;66;9,5
1156;124,2;155,6;179,4;198,9;37,5;70,6;61,2;17,6
1157;118,5;82,8;39,1;33,2;73,3;46,5;36,9;31,2
1158;96,2;96,3;97,3;114,4;29,5;44,2;39,7;13
1159;129;124,5;119,7;101,6;14,1;52;51,2;7,1
1160;88,1;98,6;109,2;164,7;25,2;44;40,5;10,3
1161;97,3;101,2;106,8;195,1;12,7;42;41,9;4,4
1162;141,5;145,5;150;181,7;7,4;59,3;59,7;4,1
1163;141,4;146,3;152,4;180,3;17,6;61,5;59,6;7,2
1164;146,4;133,2;123,6;64,4;20,8;57,9;55,3;9,5
1165;101,8;88,5;69,3;59,2;44,9;41,5;37,5;16,8
1166;139,4;141,2;148;184,8;10,8;59;57,4;6,2
1167;151,4;137,8;129,5;47,9;18,3;59,6;57,5;8,6
1168;119,3;115,6;114,2;122,5;13,4;48,4;48,2;5,2
1169;137;136;129,2;96,9;12,2;55,4;56,1;6,4
1170;93,2;113,1;107,6;161,7;30,9;47,2;45,2;15,1
1171;118,8;139,4;161,4;188;33,4;64,8;56,2;17,9
1172;126,9;148,2;154,8;123,9;40,9;70,9;60,6;30,2
1173;95,3;117,7;136,8;179,8;38,5;55,4;47,3;17,6
1174;122,2;107,3;91,2;62;35,7;49;45,4;14,6
1175;57,1;53,2;53,5;188,9;24,3;23,5;21,7;4,3
1176;132;131,1;128,3;127,4;10,4;53,2;53,5;4,8
1177;110,3;100,4;94,1;116,6;22,4;44,9;41,7;9,8
1178;97,8;101;108,8;124,8;29,6;48,8;41,8;15,2
1179;110,7;107,8;98,1;104,9;17,1;44,9;44,8;8,5
1180;106,2;84,8;70,2;34,6;35,5;41,7;36,7;14,3
1181;111,3;113,2;107,3;108,5;14,1;45,5;46,1;5,6
1182;105,1;102,5;120,4;114,8;34;55;43,7;21,1
1183;145,5;135,5;133,6;149,7;13,3;58,4;56,4;7,9
1184;109,2;107,5;105,3;87,1;11,1;43,3;44,1;2,6
1185;105,7;100,9;95,6;91,2;17;42,5;42;6,4
1186;135,7;144,8;141,1;127,7;21,3;57,7;57,4;6,9
1187;108,5;118,7;122,7;160,4;25;50,3;47,7;9
1188;103;95,2;93,9;144,1;19,7;42,2;39,9;7,6
1189;108,6;95,6;90,3;125,2;23,9;43,9;41;11,4
1190;58,1;50,9;46,5;100,7;30;23;20,6;5,1
1191;139,1;131,5;120,6;96,1;19,8;56,4;54,6;10,7
1192;92,8;50,5;25,6;24,9;66,5;36,4;25,1;27,2
1193;140,6;127,5;121,8;88,8;22,3;56,5;53;10,4
1194;108;134,8;161;193,6;34,7;63,7;54,4;18
1195;114,2;129,4;142,1;194;19,8;55,9;52,8;9,6
1196;155;136,2;122,6;77,3;25,6;61,9;57;14,4
1197;137,9;132,7;129,7;101,4;16,7;56,4;54,5;7,7
1198;141,4;119,4;108;30,7;23,8;55,5;51;12,1
1199;101,3;91,8;93,5;127,1;21,5;42,4;38,9;9,7
1200;50,6;45;42,8;136,4;23,6;20,5;18,7;6,2
1201;103,3;119,1;113,7;113,2;32,1;50,2;48,2;13,8
1202;133,6;125,1;113,2;57,6;23,8;52,8;51;9,2
1203;75,8;61,7;54,4;135,7;32,2;30,3;27;11,8
1204;101,9;81,3;101,3;296,4;30,4;44,1;36,2;17,2
1205;104;103;90,6;81,2;27,6;42,7;41,7;9,3
1206;103,5;98,5;104,9;174,8;32,2;45,3;41,2;11,8
1207;84,2;86,6;82,9;121;27,4;38,8;35,8;13,3
1208;129,3;132,1;127,3;94,4;21;55,3;53,2;9,5
1209;128,7;125,1;125;138,4;19,3;54,8;52,2;10,4
1210;121,5;129,8;129,4;144,7;22,6;55,9;52,4;13,1
1211;97,3;106,6;134,8;195,6;36,6;55,6;44,9;24
1212;171,4;155,7;127;57,2;30,6;68,8;64,3;20,3
1213;138,8;136,3;134,6;142,6;11,4;55,7;55,6;4,8
1214;167,9;145,9;112,8;56,9;36,9;65,9;61,3;21,9
1215;134,3;140,8;140,4;131;22,1;60,4;57,8;12,4
1216;115,9;111,2;89,7;82,4;23,6;46,8;46;14,2
1217;146,9;136,6;131,3;94,4;19,3;58,8;56,6;8,6
1218;116,6;107,2;107,1;158,1;16,2;46,5;44,6;6,7
1219;118,2;108,1;96,6;136,3;31,1;49,3;45,3;16
1220;105,4;113,7;84,4;109,9;42,8;48,9;45,9;24,2
1221;118,9;94,6;80,4;48,9;35,8;46,6;40,7;14,8
1222;114,6;110,1;104,9;123;23,5;47,6;45,4;9,2
1223;109;104,8;104,6;135,4;22,1;45;43,1;6,8
1224;138,4;127,6;123,3;123,1;19,1;55,8;53,8;9,2
1225;115,6;110,5;104,6;91,9;22,5;47,3;46;8,6
1226;137,4;118,8;117,4;182,9;25,4;54,8;50,6;12,4
1227;111,1;97;89,2;123,3;30,9;47,6;41,6;17
1228;142,1;111,7;100,3;74,2;38,4;58,5;50;22,8
1229;123,9;105,5;77,8;34,2;36,8;48,6;44,7;18,4
1230;125,5;128,9;121,2;99;10,2;51;52,4;5,8
1231;104,5;75,8;40,2;32,2;62,5;41;33,9;26,4
1232;116,5;70,6;29,1;38,2;72,8;45,7;33,8;34,7
1233;148,9;87,6;18,7;28,2;89,6;58,4;42,2;50,5
1234;100,4;78,3;44,7;71,5;58,3;40,4;33,9;24,9
1235;124,3;51;5,5;22;96,2;48,7;30,7;48,8
1236;109,8;55,1;27,3;29,7;75;43,1;29;34,1
1237;100;51,8;16,9;34,9;85;39,2;26,6;33,3
1238;114,8;56,2;18,6;27,7;84,7;45,1;30,1;39,5
1239;77,7;42,9;18,9;29,3;82,2;30,5;20,8;24,4
1240;68;48,6;29,1;43,3;72,6;26,7;21;14,9
1241;71,7;49,1;27,6;36,6;76,1;29,5;22;19,7
1242;47,5;33,6;24,4;53,8;56,3;19,2;14,3;10,4
1243;84,1;48,1;22,1;35,3;81,8;33,1;23,3;25,4
1244;89,7;64,9;30,3;113,1;65,4;35,3;28,1;25,2
1245;99,5;40,2;4,3;29,2;95,7;39;23,8;39
1246;135,7;76,3;32,7;24,4;77,4;53,2;37,9;40,6
1247;143,8;78,4;6,8;28,4;96;56,4;39,5;52,3
1248;109,3;99,1;39,2;61,1;73,9;43,6;40;32,2
1249;125,4;79,1;9,5;31,7;93;49,2;36,5;44,2
1250;40,9;35,6;32,3;83,9;38,8;16,7;14,1;5
1251;148,8;106,7;81,9;37;50,7;58,5;48;26,7
1252;73,7;33,9;6,2;21,8;94;28,9;18;26,5
1253;123,1;77,5;32,5;30,8;74,2;48,3;35,9;34,5
1254;127;114,5;41,2;48,9;70,8;49,8;46,6;39,4
1255;140,6;95,6;50,5;87,2;62;55,4;43;36,1
1256;94,8;61,1;22,9;33;84;37,2;27,8;28,7
1257;98,6;61,8;24,1;29,2;78;38,7;28,2;28,9
1258;129,8;79,9;54,1;20,8;60,1;50,9;38,3;29,5
1259;127,2;80,8;43,2;24,5;70,6;49,9;37,2;33,7
1260;124,5;130,1;139,8;179,3;19,7;57;53,6;9,8
1261;114,1;81;58,6;46,5;47,6;45,2;37,3;24
1262;129,6;87,2;24,6;38,5;82,2;50,9;39,6;41,6
1263;70,6;44,5;16,6;36,1;72,2;27,7;20,2;21
1264;152,1;91,3;58,6;20,1;70,5;59,6;44;36,2
1265;45,5;39,7;41,9;170,1;48,6;21,1;16,1;8,1
1266;104,5;56,5;15,2;29,9;87,4;41;28,3;35
1267;103,8;67,7;26,6;57,3;77;40,8;30,7;31,6
1268;128,7;76,5;18,3;33,2;88,8;50,5;36,5;41,7
1269;139,8;91;53,7;32,7;66,3;54,9;42,5;34,5
1270;125,3;90,7;59,1;30,4;54;49,1;40,5;26,5
1271;122,3;130,6;138,7;198,1;18,5;54,6;52,6;6,3
1272;171,1;62,9;2,8;23,8;98,5;67,1;41,9;66,4
1273;127,8;62,4;4,7;45,1;94,5;50,1;33,5;49,1
1274;117,1;107,3;91,6;107,6;39,4;48,2;44;15,3
1275;112,2;105,5;95,8;49,8;19,4;44,2;43,8;7
1276;146,8;134,9;125,1;92,2;27;59,6;56;11,8
1277;124,3;104,9;81,9;36,8;33,7;48,8;45,1;16,8
1278;119;128,2;141;181,8;33;57;51,8;10,3
1279;127,1;126,9;124,6;120,1;22,8;52,9;51,6;7,9
1280;131,9;109,3;91,2;48,1;37,9;52,3;47,2;18,1
1281;150,7;133;114,2;50,3;26,5;59,3;56;14,3
1282;107;99,7;95;107,1;25,3;43,8;42,1;8,9
1283;88,6;78,8;75,6;125,7;23,8;35,1;32,9;6,8
1284;97,8;87,4;84,1;110,5;31,7;39,5;36,5;9
1285;107,7;105,5;102,6;106,8;17,6;44,2;43,3;6
1286;115;98,1;90,7;104,8;27,9;45,4;41,9;11,6
1287;125,5;116,8;98,3;42,3;33,5;50,1;47,7;13,4
1288;121,3;115,5;110,5;117;29,6;50;47,6;9,7
1289;105,8;108,5;106,4;89,3;21,9;46,3;44,2;8,5
1290;90,2;68,2;75,2;145,7;55,8;42,3;31,4;30,9
1291;127,2;119,8;115,9;107,9;21,8;51,3;49,5;8,6
1292;104,8;96,8;50,6;64,4;53,6;41,9;39,8;27,3
1293;102,3;157,3;101,4;118;38,3;61,7;59,5;38
1294;101;128,9;118;131,7;30;51,5;50,9;14,8
1295;73,5;72,4;61,8;109,3;32,8;30,4;29,1;8,5
1296;96,1;131,2;104;123,6;34;51,8;51,2;22,3
1297;129,8;153,5;106,7;92,7;40,8;61,8;59,9;30,1
1298;120,6;113,6;93,9;53;32,3;47,5;46,3;12,8
1299;73,9;140,2;121,7;150,6;51;55;53,3;26,3
1300;57,3;123,8;114,2;166,8;58,9;49,2;47,7;24,3
1301;117,5;129,1;109,2;111,5;26,8;52,5;51,5;15,3
1302;139,9;140,4;107,7;61,7;35,1;56,1;56,5;19,2
1303;87,8;105,1;80,5;116,5;30,6;41,9;41,5;17,5
1304;80,6;88,4;89,3;158,6;24,4;36,5;35,8;6,3
1305;115,8;112,1;114,5;142,2;23,1;49,2;46,1;9
1306;116,6;117,5;118,2;126;10,2;48,4;48,8;4,3
1307;104,3;131,4;158,1;191;40,2;63,6;53,3;20,3
1308;113,2;116;123;161,4;34,6;55,2;48,3;16,4
1309;125;132,2;140;203,3;12,6;55,1;53,9;5,7
1310;112,9;118;111,3;133,2;19,6;47,5;47,6;7,6
1311;150;149,3;143,9;100,8;11,8;60,7;61;5,9
1312;114,3;120,5;119,1;139,9;26,4;53;49,1;14,9
1313;112,4;118,5;106,6;110,6;46,4;55,1;48,8;25,6
1314;91;94,2;95,4;124,8;35,6;41,8;37,9;11,3
1315;62,9;55,8;25,2;59,6;58;25,2;22,9;19,7
1316;78,6;108,9;135,3;177,2;50,9;54,9;44;21,8
1317;137,8;136,7;131,4;153,2;16,6;55,3;56,1;6,3
1318;75,2;76,8;79,2;151,9;26,3;32,6;31;5,2
1319;114,1;119,8;105,6;103,3;27,8;48,5;48,3;12,3
1320;131,4;142,7;155,9;134,9;28,3;64,9;58,2;14,9
1321;116,3;110,1;103,1;112,8;22,6;47,1;45,1;8,8
1322;128,3;133,4;138,6;216,8;10,9;54,4;54,4;4,5
1323;114,3;113;118,6;128,2;28,3;52,4;46,8;13,3
1324;124,5;126,5;127,6;188,6;5,5;50,8;52,3;2,9
1325;125,4;138,1;148,2;179,5;17,8;59,1;56,3;9,3
1326;131,6;147,9;152,4;187,2;19,1;60,5;59;8,4
1327;123,5;117,4;107,9;93,9;31,4;51,9;48,6;13,3
1328;105,7;102,9;101,5;126;13,3;42,9;42,6;5,1
1329;115;120,3;128;172,2;20,1;52,4;49,8;9,1
1330;125,5;120,9;117,6;109,1;23,2;52,3;49,7;9,1
1331;106,1;123,3;146,2;167,1;40,5;62,2;51;23,1
1332;122,8;131,3;136,2;170,7;27,2;57,1;53,1;13
1333;126,5;69,8;23,7;26,6;84,7;49,6;34,7;40,7
1334;86,7;101,5;88,1;116,6;26,7;40,2;40,8;12,2
1335;122,6;128,1;143,9;200,9;28,9;57,8;52,3;15,9
1336;137,1;141,4;136,5;98,2;25,1;60,2;57,3;13,1
1337;114,8;136,2;154,4;209;39,2;62,7;54,7;16,3
1338;121,3;128,5;124,3;127,2;19,6;51,8;52;7
1339;128,6;127;127,5;185,6;14,3;52;52;4,8
1340;114,6;120,3;97,1;106,3;28,1;49,3;48,9;17,2
1341;129,1;136,4;137,6;128,9;19,6;58,7;56,2;12,5
1342;77,8;109,5;106,9;173,4;34,7;43,4;42,8;12,5
1343;134;139,2;145;182,4;12,1;57,7;56,2;5,7
1344;96;98,5;102,7;166,1;23,2;43,1;40,4;8,1
1345;121,1;127,3;131,7;140,7;15,1;53,3;52,2;6,8
1346;125,7;116,1;110,6;83,4;25,6;50,5;47,1;8,5
1347;65,2;74,4;68,4;141,1;20;29,8;30,2;7,5
1348;67,8;92,5;122,9;199,6;47,8;48,7;37,4;21,2
1349;119,2;115,4;108,3;116;42,5;56;48,3;21,6
1350;143,4;143,4;143;135,6;11,8;59,4;58,7;5,9
1351;203,8;206,5;192,3;78,2;14,3;83;81,9;10,7
1352;114;106,6;104,7;103,4;18,3;45,7;44,1;5,6
1353;153,5;154;150,4;145,6;12;61,9;62,5;5
1354;90,6;97,8;76,2;100,2;32,4;38,8;39;14,7
1355;108,6;115,8;125,7;159,6;21,9;51,8;46,5;12
1356;123,3;126,5;129,7;162,4;21,1;54,1;52,2;8,4
1357;153,5;155,7;164;234,1;9;64,5;63,6;5,2
1358;108,5;119,5;124;151,2;23;52,3;48,9;13,1
1359;104,1;123,5;135,4;202,2;24,4;53,2;50;10,2
1360;104,1;105,6;100,8;108,4;13,8;42,4;43,3;4,7
1361;94,3;130,5;171,3;217,7;44,4;67,2;52,7;25,3
1362;113,5;117,6;124,8;183,9;15,3;49,9;48,2;6,3
1363;131,6;129,6;139,5;230,5;14,3;55,8;53,3;7,5
1364;125,2;92,6;74,1;44,8;49,2;49,7;41,5;21,4
1365;118,2;115,1;111,3;120,6;25,3;49,1;47,3;8,4
1366;129,8;134,1;141,7;183,9;17;56,9;54,9;7
1367;118,9;116,5;111,3;122;33,2;53,6;48,5;15,7
1368;89,6;115,8;84,1;116,8;39,3;45,7;45,6;23,1
1369;112,7;105,8;95;127,2;22,9;45,9;44,4;11,3
1370;85;101,7;100,6;152,7;34,2;41,6;40;9,2
1371;80,7;95,5;95,9;173,7;28,2;39;37,9;8,2
1372;83,2;91,8;80,2;118,1;25,3;37,5;37,5;11,3
1373;140,2;140,6;128,3;115,2;25,7;59,1;56,9;13
1374;124,8;127,5;123;147,7;33,9;56,5;52,4;15,8
1375;102,1;113,4;118,7;153,1;26;48,8;45,6;9,7
1376;5,4;5,1;4,4;13,4;5,9;2,2;1,7;0,6
1377;136,4;133,6;124,2;77,3;16,6;55;55,2;8,3
1378;125,3;127,1;131,5;177,7;13,6;54;52,8;7,1
1379;129,7;137;140,1;159,9;22,8;58,1;55,5;10
1380;130,9;128,3;129,8;154,3;21,2;53,2;51,8;5,4
1381;144,9;151;163,8;191,4;20,7;66,5;62;12,5
1382;123,2;113,5;107,8;82,8;17,1;49,2;47;7,8
1383;95,4;93,8;77,2;84,3;34;40,2;38;13,9
1384;75,5;81,5;85,2;152,2;19,7;35,6;33,2;7,9
1385;103,4;109,2;97,2;105,4;15,3;43,4;44,4;8,7
1386;104,8;119,3;131,9;180,8;25,7;53,5;48,5;13,2
1387;124,3;142,2;160,5;204,7;24,7;63,4;58;12,9
1388;118,4;126,2;121;133;15,9;51,1;51,5;8,1
1389;103,6;110,3;109,3;133,4;17,1;45,3;45,1;6,6
1390;69,8;78,8;76,7;160,5;24,5;32,7;32,1;8,1
1391;121;120,8;118,9;98,5;12,9;50,9;49,9;7
1392;112,8;124;120,9;136,5;29,1;52,5;49,6;12,8
1393;99,6;117,3;136,8;207,3;28,9;54,1;48,5;13,9
1394;134,3;122,2;96;97,7;51,9;59,7;51,8;29,8
1395;117;121,3;116;121,9;21,9;50,4;49,7;10,1
1396;119,5;104,6;101;156,1;22,9;47,8;44,2;10,5
1397;126,8;137,3;143,3;198,5;14,4;56,3;56,2;5,6
1398;124,5;121,3;108,2;102,8;30,4;51,2;49,5;12,6
1399;141,3;147,2;152,9;181,3;15,6;61,4;59,5;6,6
1400;144,8;133,2;125,3;91,3;25,4;57,7;54,8;9,6
1401;127;119,8;110;91,8;30,8;54;49,8;15,3
1402;110,8;94,5;79;61;42,6;47,6;40,2;20
1403;104;106;117,8;244;16,6;46,5;43,6;7,5
1404;134,6;130,7;131,4;147,8;9,4;54,1;54;4,4
1405;127,7;127,6;121,4;87,3;11,5;51,6;52,7;5,6
1406;93,4;129,2;150,8;159,2;42;62,8;52;24,3
1407;71;89;77,3;129,7;36,2;35,7;34,3;12,9
1408;107,6;144,4;116,5;138,4;61,4;63,1;56,4;34,4
1409;112,8;87,5;69,8;49,2;49,8;44,6;38,7;18,7
1410;89,2;77,9;75,8;99,5;29,6;35,2;32,4;6,2
1411;73,3;66,2;59;64,7;28,6;29,2;27,5;7,4
1412;131,8;129,5;125,2;114,6;17,1;54,3;52,5;7,4
1413;114,1;113,7;114,2;93,6;17,1;49,2;47,1;8
1414;107,2;110;119;141,2;20,5;49,1;45,3;9,2
1415;125,2;114,2;121,9;182,8;20,7;53,4;48;11,8
1416;129,6;125,8;120,3;128;15,1;52,8;51,8;8
1417;73,8;44,5;27,4;41,1;58;29;20,7;19,2
1418;123,8;102,6;100,4;102,2;23;49,3;43,9;11,8
1419;134,5;145,9;155,6;174,3;18;62,3;59,3;9,5
1420;148,3;140;139,8;162,6;20,2;59,8;56,6;8,8
1421;123,4;114,7;117,1;114,3;25,4;53,5;47,7;13
1422;76,2;64,1;57;55,6;40,3;30,5;26,8;9,3
1423;153,8;142;132,5;72,3;15,6;60,8;58,9;8,6
1424;101,8;98,3;97,5;126,4;21,6;43,8;40,8;9,8
1425;83,2;103,5;130,4;212;36,3;51,2;42,9;17,8
1426;108,7;124,9;144,3;197,5;26,1;57,1;50,7;13,3
1427;126,5;125,5;125,7;138,1;15,3;52,6;51,6;6,1
1428;134,1;119;103,4;102,4;25,9;53,5;50,5;14,9
1429;94,9;85,4;76,8;65,5;35,7;37,7;35,4;8,4
1430;127,7;119;110,2;91,6;20,2;50,4;49,7;8,1
1431;109,8;89;74,6;71,3;34,2;43,4;39;16,1
1432;94,5;80,5;109,7;276,9;31,9;44,7;35,9;20,2
1433;126,4;120,8;108;84,4;26,1;50;49,5;9,6
1434;99,2;101,9;93;118,8;41,4;48,6;42,9;25,4
1435;125,4;130,1;74,8;68,1;45;54,2;52,6;31,9
1436;129,5;131,9;131,4;128,1;29,3;59,5;54,3;16,5
1437;134,3;131,5;129,3;122,2;11,8;53,7;54;4,6
1438;147,8;141,5;127,8;94;17,7;59,4;58;11,1
1439;108,4;100,7;100,9;135,6;18,6;43,5;41,3;5,9
1440;107,7;88,4;76,2;47,5;29,7;42,4;37,8;12,6
1441;128,4;117,6;102,4;94,3;26,4;51;48,2;11,8
1442;153,9;126,8;123,3;119,1;28,5;60,5;53,9;12,9
1443;123,1;106,8;103;109,8;32,9;52,2;46;16,6
1444;158,5;150,9;134,5;87;24,4;64,1;61,9;13,5
1445;125;92,2;81,7;101,7;37,4;50,2;41,8;20,4
1446;108;71,4;29,8;31,9;75,4;42,5;32,6;30,1
1447;129,4;77,6;25,5;27,1;83,2;50,8;36,9;39,5
1448;125,4;100,3;68,6;35,7;48,2;49,2;42,8;22,4
1449;128,7;83,8;28,4;31,9;81,5;50,5;38,5;39
1450;94;67,6;48,4;35,8;60;37,2;29,9;18,9
1451;53,2;30,5;16;29,6;78;21,1;14,3;15,4
1452;63,4;45,6;29;75,1;54,5;25,5;19,8;16,7
1453;127,9;82,7;19,8;37;86,1;50,2;38,1;41,8
1454;117,6;68,4;33;40,8;73,8;46,1;33,4;35
1455;108,6;81,3;48,6;41,9;67,3;44,6;35,8;26,6
1456;108;71,9;43,8;25,1;70,5;42,4;32,7;25,9
1457;103,7;65,1;8,2;33,5;91,3;40,7;30,1;36,8
1458;116,5;113,2;96,5;72,8;25,9;46,6;46,1;10,8
1459;110,8;81,1;5,3;38,9;95,3;43,5;34,9;39,6
1460;111,7;98,2;59,3;56;49,1;44,1;40,8;23,6
1461;94;63,4;51,9;48,5;55,2;36,9;28,6;16,7
1462;98,4;46,7;8,5;20,4;94,2;38,6;24,8;35,3
1463;106,1;66,6;24,8;31,5;81;41,6;30,8;32,4
1464;59,9;34,8;17,3;31,1;74,5;23,5;16,1;17,5
1465;117,1;55,3;7,9;24,5;92,4;45,9;29,8;42,7
1466;81,3;42,8;13,8;35,5;76,8;31,9;21,4;26
1467;131,2;135,5;146,3;184,1;15,9;58,8;55,6;8,7
1468;134,7;85,9;25,5;33,6;85,5;52,8;40,1;42,9
1469;121,5;70,1;30,3;29,5;77,7;47,7;34,3;36,8
1470;147;72,3;39,6;55,6;78,9;57,6;39,2;45,2
1471;79,1;61,9;50,7;74,2;55,1;31,4;26,6;11,9
1472;142,7;88;45,8;30,2;76,8;56;41,6;38,2
1473;108,5;62,8;16,1;30,6;89,5;42,5;30,1;35,8
1474;169,8;108;68,7;33,6;65,2;66,6;51,1;41,2
1475;129,5;100,8;72,1;54,8;41,8;50,8;44;22,3
1476;120,6;106,7;87,2;89,5;40,9;49,8;44,6;19
1477;113,7;102,3;91,9;70,8;29,2;45;42,3;9,9
1478;96,8;99,5;100;150,3;31,3;43,4;40,3;10,8
1479;132;121,6;115;81,6;26,5;54,2;50,8;11,5
1480;109,3;101,4;97,6;142,4;22,3;44,8;42,8;9,5
1481;123,2;108,2;98,8;70,5;33,5;48,4;45,1;10,6
1482;110,7;95,1;87,7;86;29,4;43,5;40,1;9,8
1483;113,5;88,2;83,1;132,9;40,2;44,8;39,4;15,7
1484;131,3;95,4;79,1;49,5;43,5;51,8;43,2;21,5
1485;144,6;117,8;107;65,5;37;56,8;51,9;17,3
1486;120,3;117,5;108,2;81;19,3;48,8;48,2;8,4
1487;120,8;132,6;125,6;123,2;30,4;56,3;53,8;14,3
1488;92,8;96,9;75,1;93,3;24,1;38,7;39,2;14,1
1489;105,7;151,6;102,4;115,9;34,8;59,5;58,1;33,5
1490;71,2;77,6;72,7;143;35,8;33,8;31,3;10,9
1491;119,2;156,1;122,2;121,4;27,8;61,6;60,9;24,6
1492;116,2;153,8;134,4;129,9;30,6;60,9;60,1;20
1493;105,4;127,5;78,6;88,1;43,7;51,5;50,2;30,9
1494;113,9;143,5;111,2;110,9;28,7;56,6;56,3;22,8
1495;33,2;35,1;33,3;146,7;26,5;15,5;13,4;5,5
1496;119;146;99,3;89,9;34;57,6;56,9;28,9
1497;127,3;122,5;61;57,3;50,2;50,3;49,9;34,1
1498;104,8;101,3;86,6;138,9;19,5;43;42,4;11,6
1499;122;139,4;155,3;186,7;22,9;61,7;56,3;12,6
1500;78,7;136,4;187,6;209,4;59,1;73,6;55;32,7
1501;109,1;118,7;133;216;19,9;52,2;48,4;9,1
1502;90;95,6;99;138,1;29,6;41,8;38,6;9,3
1503;97,2;112;125,9;177,2;26,4;50,3;45,6;11,1
1504;113,7;114,2;107,4;127,8;27,8;48,7;46,5;11,8
1505;112,1;116,2;114,8;117,5;40,8;53,9;48;18,1
1506;115,3;127,9;141,9;170,9;25,5;58,1;52,2;13,3
1507;87,2;124,5;163,8;210,3;49,3;64,3;50,1;25,1
1508;117,6;117,4;98;85,6;30,6;50,2;48,5;17,2
1509;110,8;112,4;106,5;148,2;18,8;45,6;45,9;7,4
1510;132,2;135,8;140,9;160,3;22,4;59,3;55,7;10,8
1511;107,8;110,4;112;181,7;9,4;44,9;45,6;3,8
1512;119,4;130,7;142,4;132,3;24,5;59,7;53,5;15,4
1513;85,3;85,6;74,9;94,6;24;35,1;35,1;9,1
1514;134,9;126,4;113,5;78,7;26,5;53,8;52,1;10,6
1515;113,6;113,5;117,3;177,8;13,1;47,9;46,1;5,3
1516;89,6;108,5;126,2;150,2;41,8;53,9;43,9;19,1
1517;147,7;155,1;168,8;217,9;13,5;66,3;63,5;8,3
1518;96,2;112,4;130,5;175;40,6;56;46,1;22,1
1519;108,8;112,2;116,1;140,2;24,4;48,8;45,6;8,4
1520;155,3;102,6;50,8;27,8;72,4;60,9;47;42,2
1521;127,8;144,3;133,6;131,5;17,2;57;57,6;10,6
1522;114,4;114,1;110,8;116,6;14,7;46,7;47;5,8
1523;129,9;147,2;137,6;162,8;38,7;65,8;59,3;24,4
1524;126,6;121,2;123,1;156;23,5;51,9;49,7;7
1525;118,1;141,3;157,5;182,9;27,8;62,9;56,7;13,8
1526;114,1;130,7;154,7;187,2;26,8;61,4;53,2;16
1527;72,4;102,5;141,1;202,7;51,9;56;41,7;25,7
1528;100,3;85,2;50,8;46,3;52,1;39,6;36,2;22,4
1529;110,2;106,2;97;84,1;24,3;44,4;42,7;8,8
1530;94,1;102;104,4;154,2;17,2;42,6;41,3;6,8
1531;160,1;163,8;162,8;165,7;7,6;65,5;66,3;4,3
1532;74,2;87,5;168;233,6;58,2;65,9;39,6;48,6
1533;94;100;105,6;167,9;23,3;41,8;40,5;5,1
1534;134,2;138,8;144,6;176,8;12,7;57,7;56,7;5,8
1535;87,3;90;85,8;128,6;19,1;36,9;36,6;6,7
1536;102,7;125,9;138,6;197,2;26,6;54,5;50,7;11,5
1537;94;97,1;93,7;111,3;17,3;39,4;39,5;5,2
1538;137,5;132,1;124,7;105,9;13,9;55,5;54,7;8,1
1539;156,3;156,3;164,9;219,3;8,3;65;63,6;5,7
1540;120,4;105,4;98,3;105,2;23,1;47,9;45,1;10,6
1541;134,4;138,4;143,6;162,1;9,6;56,8;56,6;4,7
1542;91,5;122,2;146,7;200,1;36,8;57,6;49,1;17,5
1543;109,7;130,9;138,6;169,2;29,3;56,3;52,4;12,8
1544;100,8;97,2;87,2;124,6;22;41,7;40,4;10,4
1545;125,2;149,5;161,6;172,4;26,7;64,4;59,5;12,7
1546;100,4;105,2;109,2;173,3;19,6;44,6;42,8;6,8
1547;105,6;116,6;110,6;149,4;16,9;45,9;47,4;6,8
1548;124,5;132,2;125,7;151,1;20;54;53,6;10,2
1549;133;133,5;132,1;111,2;6,4;53,4;54,9;3
1550;106,6;130,8;149,4;181,6;60,1;65,5;52,5;28,6
1551;132,9;135,1;129,4;116,7;27;59,5;56;14,6
1552;129,1;129,1;127,3;109,4;5,6;51,5;52,8;2,7
1553;134,4;134,7;134,6;119,5;10,8;54,7;55,1;4
1554;84,6;80,6;67,5;122,3;28,4;34,6;32,9;10,3
1555;108,8;105,1;100,5;108,2;15,4;43,8;43;6,1
1556;112,7;100,2;94,1;106,7;31;48,1;43,5;16,9
1557;100;98,8;99,1;146,1;6,4;39,9;40,9;2,2
1558;119,8;128,8;103,5;96;27,8;52,2;52;17,8
1559;109;124,2;123,3;154,7;31,5;52,5;49,7;13,1
1560;128,1;134,4;130,8;142;9,4;53,4;54,9;5,1
1561;77;78,1;71,4;112,4;26,4;33,3;31,7;8,7
1562;78,7;92,7;98,4;208,4;26,5;39,7;37,1;9,4
1563;136,9;118;99,4;75,5;35;54,7;50,3;17,1
1564;119,3;132,5;146,4;176,4;24,7;59;53,5;11,9
1565;113,5;113,5;116,6;125,7;21;50,5;46,8;10,5
1566;124,8;131,1;107,5;91;26,3;52,4;52,7;15,6
1567;88,2;83,5;73,5;71,7;32,2;35,4;34,1;8,4
1568;124,8;136,4;149,6;184;25,8;61;56;13,3
1569;131,6;131,9;129,8;105,1;8,3;53;53,6;3,7
1570;140,4;128,5;117,5;47,4;18,5;55,2;53,8;8,9
1571;133,2;117,1;102,1;55,4;28,9;53,2;49,5;13,8
1572;110,8;107,8;101,5;102,6;18,2;45,7;44,5;8,5
1573;117;123,5;130;210,5;14,3;52,2;50;7,8
1574;146;133;107,4;69,7;34,4;59,6;55,6;20,3
1575;137;136;129,2;96,9;12,2;55,4;56,1;6,4
1576;98,3;121,1;100,5;116,5;30,2;48,2;47,6;17,6
1577;101,7;107,8;110,5;130,9;32,9;51;45;18,1
1578;109,2;84,4;66,8;68,2;55,4;43,5;37,1;19,1
1579;90,3;78,3;73,9;72,6;25,3;36,2;33,5;8,8
1580;103,4;101,6;100;91,4;13,6;42;42;4,6
1581;105,4;92,5;85,3;98,9;22,8;42;38,8;9,2
1582;116,7;118,5;113,6;111,4;15,5;48,3;48,1;6,3
1583;102,3;95,4;90,2;113,8;18,1;40,9;40,2;7,1
1584;150,5;148,9;150,1;143,6;12;62,1;60,4;6,3
1585;152,2;166,9;178,6;206,1;15,3;70;67,6;8,3
1586;100,6;87;80,2;70,4;30,1;39,9;36,6;9,2
1587;59,7;51,5;47,2;89,5;27,9;24;21,3;6,8
1588;108,4;122,5;145,7;222,3;31,1;58,4;50,7;16,2
1589;149,1;168,7;187;208,9;21;73,3;68;12,1
1590;141,3;119,4;108;30,1;24,2;55,4;51;12
1591;120,8;112,7;98,5;92,7;31,8;50,6;47,2;15,2
1592;72,7;65,1;57,7;126,6;37,5;29,3;26,8;9,4
1593;144;140,2;136,2;78,9;11,1;57;56,9;4,1
1594;109;101,8;85,5;61,8;24,7;43,5;42,4;11,3
1595;113,1;83,4;105,9;309,8;31,4;46,2;38,5;19,5
1596;141,9;134,8;119,3;62,1;31,1;56,1;54,6;11,3
1597;90,4;83,9;70,2;94,5;24,2;36,4;35,3;11,7
1598;112;113,9;98,2;105,8;21,2;47,5;46,3;13,2
1599;81,4;87,1;87,5;131,9;32,7;39,4;35,8;13,4
1600;110,3;115,8;115,4;150,6;10,1;46,7;47,9;4,6
1601;114,5;118,7;105,9;123,5;24,3;49,1;48,7;13
1602;113,4;94,8;87,5;134,7;27,5;45,4;40,6;13,4
1603;140,2;116,7;107,8;67;34,2;55,4;49,4;13,4
1604;103,7;97,9;98,1;193;13,3;41,5;40,7;5,5
